0.00000,0.00405,0.01561,0.01382,0.01781,0.01940,0.06094,0.01171,0.11796,0.01834,0.01462,0.00496,0.03331,0.14300,0.03107,0.01710,0.04511,0.07197,0.00676,0.03520,0.02921,0.01585,0.01825,0.01644,0.04419,0.01278,0.01957,0.02017,0.01948,0.01522,0.02533,0.05126,0.02955,0.00000,0.00000,0.00000,0.00000,0.00000,0.00000,0.00000,0.00000,0.00000,0.00000,0.00000,0.00000,0.00000,0.00000,0.00000,0.00000,0.00000,0.00000,0.00000,0.00000,0.00000,0.00000,0.00000,0.00000,0.00000,0.00000,0.00000,0.00000,0.00000,0.00000,0.00000,0.00000,0.00000
0.01523,0.00000,0.01917,0.01501,0.01404,0.03615,0.06661,0.01533,0.06650,0.02434,0.01596,0.00354,0.04321,0.07205,0.03467,0.02486,0.03418,0.09324,0.00436,0.03206,0.08855,0.02146,0.01773,0.02400,0.05501,0.01538,0.01964,0.01595,0.00978,0.01971,0.03956,0.02002,0.02272,0.00000,0.00000,0.00000,0.00000,0.00000,0.00000,0.00000,0.00000,0.00000,0.00000,0.00000,0.00000,0.00000,0.00000,0.00000,0.00000,0.00000,0.00000,0.00000,0.00000,0.00000,0.00000,0.00000,0.00000,0.00000,0.00000,0.00000,0.00000,0.00000,0.00000,0.00000,0.00000,0.00000
0.01458,0.00476,0.00000,0.01179,0.01450,0.03032,0.09350,0.01540,0.05988,0.02586,0.01318,0.00306,0.04722,0.07378,0.02489,0.02832,0.03034,0.16819,0.00370,0.03970,0.03546,0.01614,0.01440,0.02445,0.06975,0.02078,0.01541,0.01311,0.00939,0.01538,0.02547,0.01827,0.01901,0.00000,0.00000,0.00000,0.00000,0.00000,0.00000,0.00000,0.00000,0.00000,0.00000,0.00000,0.00000,0.00000,0.00000,0.00000,0.00000,0.00000,0.00000,0.00000,0.00000,0.00000,0.00000,0.00000,0.00000,0.00000,0.00000,0.00000,0.00000,0.00000,0.00000,0.00000,0.00000,0.00000
0.01707,0.00492,0.01558,0.00000,0.01275,0.02186,0.06387,0.01488,0.06883,0.02245,0.03375,0.00517,0.04033,0.07395,0.04570,0.01990,0.03221,0.07672,0.00496,0.02824,0.03347,0.02893,0.04394,0.01998,0.05026,0.01414,0.04389,0.02284,0.01209,0.02811,0.04288,0.02267,0.03366,0.00000,0.00000,0.00000,0.00000,0.00000,0.00000,0.00000,0.00000,0.00000,0.00000,0.00000,0.00000,0.00000,0.00000,0.00000,0.00000,0.00000,0.00000,0.00000,0.00000,0.00000,0.00000,0.00000,0.00000,0.00000,0.00000,0.00000,0.00000,0.00000,0.00000,0.00000,0.00000,0.00000
0.02199,0.00460,0.01916,0.01275,0.00000,0.02298,0.06643,0.01234,0.10054,0.01968,0.01363,0.00379,0.03570,0.13072,0.02938,0.01920,0.05597,0.08376,0.00529,0.05758,0.03442,0.01576,0.01614,0.01805,0.04830,0.01403,0.01752,0.01641,0.01219,0.01501,0.02575,0.02737,0.02356,0.00000,0.00000,0.00000,0.00000,0.00000,0.00000,0.00000,0.00000,0.00000,0.00000,0.00000,0.00000,0.00000,0.00000,0.00000,0.00000,0.00000,0.00000,0.00000,0.00000,0.00000,0.00000,0.00000,0.00000,0.00000,0.00000,0.00000,0.00000,0.00000,0.00000,0.00000,0.00000,0.00000
0.01491,0.00738,0.02494,0.01360,0.01430,0.00000,0.07758,0.01713,0.06336,0.02833,0.01499,0.00332,0.05028,0.07254,0.02945,0.03325,0.03248,0.12425,0.00403,0.03491,0.05597,0.01960,0.01627,0.02961,0.06624,0.01849,0.01765,0.01457,0.00961,0.01834,0.03249,0.01918,0.02096,0.00000,0.00000,0.00000,0.00000,0.00000,0.00000,0.00000,0.00000,0.00000,0.00000,0.00000,0.00000,0.00000,0.00000,0.00000,0.00000,0.00000,0.00000,0.00000,0.00000,0.00000,0.00000,0.00000,0.00000,0.00000,0.00000,0.00000,0.00000,0.00000,0.00000,0.00000,0.00000,0.00000
0.01584,0.00460,0.02601,0.01344,0.01399,0.02624,0.00000,0.01988,0.06213,0.03311,0.01556,0.00344,0.06268,0.07765,0.02669,0.02945,0.03033,0.13919,0.00392,0.03593,0.03304,0.01847,0.01645,0.02743,0.10155,0.03423,0.01728,0.01443,0.01073,0.01788,0.02765,0.01964,0.02115,0.00000,0.00000,0.00000,0.00000,0.00000,0.00000,0.00000,0.00000,0.00000,0.00000,0.00000,0.00000,0.00000,0.00000,0.00000,0.00000,0.00000,0.00000,0.00000,0.00000,0.00000,0.00000,0.00000,0.00000,0.00000,0.00000,0.00000,0.00000,0.00000,0.00000,0.00000,0.00000,0.00000
0.01285,0.00447,0.01810,0.01323,0.01098,0.02447,0.08396,0.00000,0.05157,0.05887,0.01579,0.00303,0.09932,0.06063,0.02502,0.03049,0.02518,0.10093,0.00337,0.02657,0.03096,0.02061,0.01559,0.03525,0.08475,0.02167,0.01638,0.01291,0.00879,0.02000,0.02903,0.01633,0.01887,0.00000,0.00000,0.00000,0.00000,0.00000,0.00000,0.00000,0.00000,0.00000,0.00000,0.00000,0.00000,0.00000,0.00000,0.00000,0.00000,0.00000,0.00000,0.00000,0.00000,0.00000,0.00000,0.00000,0.00000,0.00000,0.00000,0.00000,0.00000,0.00000,0.00000,0.00000,0.00000,0.00000
0.03194,0.00478,0.01735,0.01509,0.02205,0.02232,0.06472,0.01272,0.00000,0.01998,0.01566,0.00503,0.03618,0.13626,0.03670,0.01897,0.07529,0.07943,0.00916,0.03989,0.03482,0.01752,0.01962,0.01817,0.04787,0.01379,0.02155,0.02230,0.01551,0.01669,0.02885,0.04824,0.03157,0.00000,0.00000,0.00000,0.00000,0.00000,0.00000,0.00000,0.00000,0.00000,0.00000,0.00000,0.00000,0.00000,0.00000,0.00000,0.00000,0.00000,0.00000,0.00000,0.00000,0.00000,0.00000,0.00000,0.00000,0.00000,0.00000,0.00000,0.00000,0.00000,0.00000,0.00000,0.00000,0.00000
0.01176,0.00415,0.01776,0.01166,0.01023,0.02365,0.08173,0.03440,0.04736,0.00000,0.01373,0.00273,0.15191,0.05597,0.02254,0.03275,0.02324,0.10269,0.00307,0.02502,0.02895,0.01778,0.01383,0.03875,0.09279,0.02251,0.01459,0.01163,0.00798,0.01714,0.02578,0.01492,0.01699,0.00000,0.00000,0.00000,0.00000,0.00000,0.00000,0.00000,0.00000,0.00000,0.00000,0.00000,0.00000,0.00000,0.00000,0.00000,0.00000,0.00000,0.00000,0.00000,0.00000,0.00000,0.00000,0.00000,0.00000,0.00000,0.00000,0.00000,0.00000,0.00000,0.00000,0.00000,0.00000,0.00000
0.01700,0.00493,0.01641,0.03178,0.01284,0.02268,0.06962,0.01673,0.06729,0.02489,0.00000,0.00486,0.04476,0.07468,0.03913,0.02141,0.03160,0.08188,0.00471,0.02897,0.03359,0.03254,0.03301,0.02173,0.05509,0.01545,0.03156,0.02054,0.01223,0.03378,0.04159,0.02217,0.03055,0.00000,0.00000,0.00000,0.00000,0.00000,0.00000,0.00000,0.00000,0.00000,0.00000,0.00000,0.00000,0.00000,0.00000,0.00000,0.00000,0.00000,0.00000,0.00000,0.00000,0.00000,0.00000,0.00000,0.00000,0.00000,0.00000,0.00000,0.00000,0.00000,0.00000,0.00000,0.00000,0.00000
0.02267,0.00429,0.01496,0.01914,0.01402,0.01973,0.06052,0.01262,0.08489,0.01944,0.01910,0.00000,0.03518,0.08797,0.04028,0.01765,0.03668,0.07137,0.00663,0.02972,0.03017,0.01906,0.02800,0.01731,0.04541,0.01297,0.02951,0.03638,0.01717,0.01841,0.03010,0.03118,0.06747,0.00000,0.00000,0.00000,0.00000,0.00000,0.00000,0.00000,0.00000,0.00000,0.00000,0.00000,0.00000,0.00000,0.00000,0.00000,0.00000,0.00000,0.00000,0.00000,0.00000,0.00000,0.00000,0.00000,0.00000,0.00000,0.00000,0.00000,0.00000,0.00000,0.00000,0.00000,0.00000,0.00000
0.01258,0.00434,0.01909,0.01234,0.01092,0.02472,0.09110,0.03418,0.05049,0.08945,0.01454,0.00291,0.00000,0.05995,0.02382,0.03378,0.02475,0.11076,0.00327,0.02681,0.03035,0.01859,0.01468,0.03770,0.10799,0.02563,0.01546,0.01237,0.00855,0.01796,0.02695,0.01593,0.01807,0.00000,0.00000,0.00000,0.00000,0.00000,0.00000,0.00000,0.00000,0.00000,0.00000,0.00000,0.00000,0.00000,0.00000,0.00000,0.00000,0.00000,0.00000,0.00000,0.00000,0.00000,0.00000,0.00000,0.00000,0.00000,0.00000,0.00000,0.00000,0.00000,0.00000,0.00000,0.00000,0.00000
0.03541,0.00474,0.01955,0.01483,0.02622,0.02337,0.07397,0.01367,0.12461,0.02160,0.01590,0.00477,0.03929,0.00000,0.03321,0.02045,0.05485,0.08811,0.00648,0.04936,0.03464,0.01772,0.01915,0.01945,0.05286,0.01537,0.02056,0.01993,0.01727,0.01698,0.02838,0.03835,0.02896,0.00000,0.00000,0.00000,0.00000,0.00000,0.00000,0.00000,0.00000,0.00000,0.00000,0.00000,0.00000,0.00000,0.00000,0.00000,0.00000,0.00000,0.00000,0.00000,0.00000,0.00000,0.00000,0.00000,0.00000,0.00000,0.00000,0.00000,0.00000,0.00000,0.00000,0.00000,0.00000,0.00000
0.01938,0.00574,0.01662,0.02308,0.01485,0.02390,0.06406,0.01421,0.08454,0.02191,0.02098,0.00550,0.03934,0.08366,0.00000,0.02035,0.04010,0.07987,0.00641,0.03161,0.03934,0.02391,0.02869,0.02004,0.05004,0.01415,0.03606,0.02834,0.01274,0.02235,0.04316,0.02678,0.03832,0.00000,0.00000,0.00000,0.00000,0.00000,0.00000,0.00000,0.00000,0.00000,0.00000,0.00000,0.00000,0.00000,0.00000,0.00000,0.00000,0.00000,0.00000,0.00000,0.00000,0.00000,0.00000,0.00000,0.00000,0.00000,0.00000,0.00000,0.00000,0.00000,0.00000,0.00000,0.00000,0.00000
0.01273,0.00491,0.02256,0.01199,0.01158,0.03221,0.08435,0.02067,0.05215,0.03800,0.01370,0.00288,0.06655,0.06148,0.02428,0.00000,0.02601,0.14141,0.00334,0.02877,0.03490,0.01784,0.01430,0.04814,0.08777,0.02289,0.01525,0.01238,0.00845,0.01695,0.02738,0.01618,0.01798,0.00000,0.00000,0.00000,0.00000,0.00000,0.00000,0.00000,0.00000,0.00000,0.00000,0.00000,0.00000,0.00000,0.00000,0.00000,0.00000,0.00000,0.00000,0.00000,0.00000,0.00000,0.00000,0.00000,0.00000,0.00000,0.00000,0.00000,0.00000,0.00000,0.00000,0.00000,0.00000,0.00000
0.02399,0.00483,0.01727,0.01387,0.02411,0.02247,0.06205,0.01219,0.14786,0.01926,0.01444,0.00427,0.03483,0.11778,0.03418,0.01858,0.00000,0.07814,0.00695,0.04080,0.03566,0.01659,0.01771,0.01769,0.04623,0.01331,0.01953,0.01917,0.01285,0.01573,0.02768,0.03291,0.02706,0.00000,0.00000,0.00000,0.00000,0.00000,0.00000,0.00000,0.00000,0.00000,0.00000,0.00000,0.00000,0.00000,0.00000,0.00000,0.00000,0.00000,0.00000,0.00000,0.00000,0.00000,0.00000,0.00000,0.00000,0.00000,0.00000,0.00000,0.00000,0.00000,0.00000,0.00000,0.00000,0.00000
0.01519,0.00523,0.03799,0.01311,0.01432,0.03412,0.11300,0.01940,0.06191,0.03377,0.01485,0.00330,0.06186,0.07509,0.02702,0.04009,0.03101,0.00000,0.00389,0.03724,0.03817,0.01849,0.01588,0.03240,0.09707,0.02869,0.01692,0.01411,0.00997,0.01765,0.02868,0.01911,0.02050,0.00000,0.00000,0.00000,0.00000,0.00000,0.00000,0.00000,0.00000,0.00000,0.00000,0.00000,0.00000,0.00000,0.00000,0.00000,0.00000,0.00000,0.00000,0.00000,0.00000,0.00000,0.00000,0.00000,0.00000,0.00000,0.00000,0.00000,0.00000,0.00000,0.00000,0.00000,0.00000,0.00000
0.02569,0.00440,0.01504,0.01525,0.01630,0.01994,0.05738,0.01167,0.12854,0.01820,0.01539,0.00552,0.03290,0.09947,0.03908,0.01707,0.04970,0.07009,0.00000,0.03204,0.03151,0.01689,0.02024,0.01651,0.04301,0.01232,0.02259,0.02631,0.01448,0.01608,0.02799,0.04240,0.03601,0.00000,0.00000,0.00000,0.00000,0.00000,0.00000,0.00000,0.00000,0.00000,0.00000,0.00000,0.00000,0.00000,0.00000,0.00000,0.00000,0.00000,0.00000,0.00000,0.00000,0.00000,0.00000,0.00000,0.00000,0.00000,0.00000,0.00000,0.00000,0.00000,0.00000,0.00000,0.00000,0.00000
0.02041,0.00494,0.02463,0.01325,0.02704,0.02634,0.08013,0.01403,0.08541,0.02261,0.01444,0.00377,0.04115,0.11556,0.02938,0.02240,0.04448,0.10231,0.00489,0.00000,0.03705,0.01690,0.01661,0.02075,0.05690,0.01669,0.01788,0.01615,0.01219,0.01612,0.02721,0.02505,0.02334,0.00000,0.00000,0.00000,0.00000,0.00000,0.00000,0.00000,0.00000,0.00000,0.00000,0.00000,0.00000,0.00000,0.00000,0.00000,0.00000,0.00000,0.00000,0.00000,0.00000,0.00000,0.00000,0.00000,0.00000,0.00000,0.00000,0.00000,0.00000,0.00000,0.00000,0.00000,0.00000,0.00000
0.01671,0.01345,0.02171,0.01550,0.01595,0.04166,0.07272,0.01613,0.07357,0.02581,0.01652,0.00378,0.04596,0.08003,0.03608,0.02682,0.03837,0.10348,0.00474,0.03656,0.00000,0.02161,0.01852,0.02543,0.05942,0.01670,0.02046,0.01699,0.01060,0.02001,0.03859,0.02190,0.02419,0.00000,0.00000,0.00000,0.00000,0.00000,0.00000,0.00000,0.00000,0.00000,0.00000,0.00000,0.00000,0.00000,0.00000,0.00000,0.00000,0.00000,0.00000,0.00000,0.00000,0.00000,0.00000,0.00000,0.00000,0.00000,0.00000,0.00000,0.00000,0.00000,0.00000,0.00000,0.00000,0.00000
0.01525,0.00548,0.01663,0.02255,0.01229,0.02455,0.06840,0.01807,0.06227,0.02668,0.02692,0.00401,0.04736,0.06889,0.03690,0.02306,0.03002,0.08434,0.00428,0.02806,0.03636,0.00000,0.02380,0.02389,0.05670,0.01568,0.02526,0.01758,0.01052,0.06355,0.05513,0.01992,0.02560,0.00000,0.00000,0.00000,0.00000,0.00000,0.00000,0.00000,0.00000,0.00000,0.00000,0.00000,0.00000,0.00000,0.00000,0.00000,0.00000,0.00000,0.00000,0.00000,0.00000,0.00000,0.00000,0.00000,0.00000,0.00000,0.00000,0.00000,0.00000,0.00000,0.00000,0.00000,0.00000,0.00000
0.01831,0.00472,0.01546,0.03568,0.01311,0.02123,0.06346,0.01425,0.07268,0.02162,0.02846,0.00615,0.03896,0.07755,0.04613,0.01927,0.03341,0.07546,0.00534,0.02873,0.03248,0.02480,0.00000,0.01920,0.04912,0.01389,0.05437,0.02651,0.01323,0.02413,0.03776,0.02444,0.04010,0.00000,0.00000,0.00000,0.00000,0.00000,0.00000,0.00000,0.00000,0.00000,0.00000,0.00000,0.00000,0.00000,0.00000,0.00000,0.00000,0.00000,0.00000,0.00000,0.00000,0.00000,0.00000,0.00000,0.00000,0.00000,0.00000,0.00000,0.00000,0.00000,0.00000,0.00000,0.00000,0.00000
0.01275,0.00494,0.02030,0.01255,0.01134,0.02989,0.08188,0.02491,0.05208,0.04686,0.01449,0.00294,0.07741,0.06096,0.02492,0.05017,0.02581,0.11912,0.00337,0.02776,0.03449,0.01926,0.01485,0.00000,0.08612,0.02194,0.01580,0.01265,0.00854,0.01831,0.02895,0.01625,0.01838,0.00000,0.00000,0.00000,0.00000,0.00000,0.00000,0.00000,0.00000,0.00000,0.00000,0.00000,0.00000,0.00000,0.00000,0.00000,0.00000,0.00000,0.00000,0.00000,0.00000,0.00000,0.00000,0.00000,0.00000,0.00000,0.00000,0.00000,0.00000,0.00000,0.00000,0.00000,0.00000,0.00000
0.01314,0.00435,0.02220,0.01210,0.01164,0.02563,0.11619,0.02296,0.05258,0.04301,0.01408,0.00295,0.08501,0.06349,0.02386,0.03506,0.02586,0.13680,0.00336,0.02919,0.03089,0.01752,0.01456,0.03301,0.00000,0.04603,0.01536,0.01253,0.00887,0.01689,0.02601,0.01653,0.01831,0.00000,0.00000,0.00000,0.00000,0.00000,0.00000,0.00000,0.00000,0.00000,0.00000,0.00000,0.00000,0.00000,0.00000,0.00000,0.00000,0.00000,0.00000,0.00000,0.00000,0.00000,0.00000,0.00000,0.00000,0.00000,0.00000,0.00000,0.00000,0.00000,0.00000,0.00000,0.00000,0.00000
0.01197,0.00383,0.02084,0.01073,0.01065,0.02255,0.12340,0.01850,0.04771,0.03289,0.01245,0.00266,0.06357,0.05817,0.02126,0.02881,0.02345,0.12742,0.00304,0.02698,0.02735,0.01527,0.01298,0.02650,0.14505,0.00000,0.01368,0.01125,0.00807,0.01473,0.02279,0.01500,0.01645,0.00000,0.00000,0.00000,0.00000,0.00000,0.00000,0.00000,0.00000,0.00000,0.00000,0.00000,0.00000,0.00000,0.00000,0.00000,0.00000,0.00000,0.00000,0.00000,0.00000,0.00000,0.00000,0.00000,0.00000,0.00000,0.00000,0.00000,0.00000,0.00000,0.00000,0.00000,0.00000,0.00000
0.01826,0.00487,0.01538,0.03314,0.01324,0.02142,0.06201,0.01391,0.07423,0.02121,0.02531,0.00602,0.03816,0.07743,0.05392,0.01911,0.03427,0.07480,0.00554,0.02877,0.03336,0.02448,0.05056,0.01900,0.04818,0.01362,0.00000,0.02829,0.01284,0.02345,0.03924,0.02468,0.04130,0.00000,0.00000,0.00000,0.00000,0.00000,0.00000,0.00000,0.00000,0.00000,0.00000,0.00000,0.00000,0.00000,0.00000,0.00000,0.00000,0.00000,0.00000,0.00000,0.00000,0.00000,0.00000,0.00000,0.00000,0.00000,0.00000,0.00000,0.00000,0.00000,0.00000,0.00000,0.00000,0.00000
0.02152,0.00452,0.01496,0.01973,0.01418,0.02022,0.05921,0.01254,0.08785,0.01934,0.01883,0.00849,0.03491,0.08583,0.04846,0.01774,0.03846,0.07130,0.00738,0.02970,0.03167,0.01949,0.02819,0.01739,0.04495,0.01281,0.03235,0.00000,0.01473,0.01864,0.03182,0.03069,0.08207,0.00000,0.00000,0.00000,0.00000,0.00000,0.00000,0.00000,0.00000,0.00000,0.00000,0.00000,0.00000,0.00000,0.00000,0.00000,0.00000,0.00000,0.00000,0.00000,0.00000,0.00000,0.00000,0.00000,0.00000,0.00000,0.00000,0.00000,0.00000,0.00000,0.00000,0.00000,0.00000,0.00000
0.03200,0.00427,0.01652,0.01608,0.01623,0.02054,0.06782,0.01316,0.09412,0.02045,0.01727,0.00617,0.03720,0.11460,0.03356,0.01864,0.03970,0.07765,0.00626,0.03455,0.03046,0.01797,0.02167,0.01808,0.04901,0.01415,0.02262,0.02269,0.00000,0.01739,0.02796,0.03671,0.03451,0.00000,0.00000,0.00000,0.00000,0.00000,0.00000,0.00000,0.00000,0.00000,0.00000,0.00000,0.00000,0.00000,0.00000,0.00000,0.00000,0.00000,0.00000,0.00000,0.00000,0.00000,0.00000,0.00000,0.00000,0.00000,0.00000,0.00000,0.00000,0.00000,0.00000,0.00000,0.00000,0.00000
0.01533,0.00527,0.01658,0.02292,0.01225,0.02405,0.06929,0.01835,0.06209,0.02691,0.02925,0.00406,0.04788,0.06909,0.03610,0.02293,0.02981,0.08424,0.00426,0.02801,0.03524,0.06652,0.02423,0.02378,0.05721,0.01583,0.02533,0.01761,0.01066,0.00000,0.04921,0.01996,0.02574,0.00000,0.00000,0.00000,0.00000,0.00000,0.00000,0.00000,0.00000,0.00000,0.00000,0.00000,0.00000,0.00000,0.00000,0.00000,0.00000,0.00000,0.00000,0.00000,0.00000,0.00000,0.00000,0.00000,0.00000,0.00000,0.00000,0.00000,0.00000,0.00000,0.00000,0.00000,0.00000,0.00000
0.01642,0.00681,0.01767,0.02251,0.01352,0.02741,0.06896,0.01714,0.06907,0.02605,0.02318,0.00427,0.04624,0.07431,0.04486,0.02385,0.03375,0.08812,0.00477,0.03042,0.04373,0.03713,0.02440,0.02419,0.05671,0.01577,0.02728,0.01934,0.01103,0.03167,0.00000,0.02172,0.02771,0.00000,0.00000,0.00000,0.00000,0.00000,0.00000,0.00000,0.00000,0.00000,0.00000,0.00000,0.00000,0.00000,0.00000,0.00000,0.00000,0.00000,0.00000,0.00000,0.00000,0.00000,0.00000,0.00000,0.00000,0.00000,0.00000,0.00000,0.00000,0.00000,0.00000,0.00000,0.00000,0.00000
0.04017,0.00417,0.01532,0.01438,0.01737,0.01955,0.05922,0.01166,0.13960,0.01823,0.01493,0.00535,0.03304,0.12135,0.03365,0.01703,0.04850,0.07096,0.00874,0.03386,0.03000,0.01622,0.01909,0.01641,0.04356,0.01254,0.02074,0.02255,0.01751,0.01553,0.02625,0.00000,0.03252,0.00000,0.00000,0.00000,0.00000,0.00000,0.00000,0.00000,0.00000,0.00000,0.00000,0.00000,0.00000,0.00000,0.00000,0.00000,0.00000,0.00000,0.00000,0.00000,0.00000,0.00000,0.00000,0.00000,0.00000,0.00000,0.00000,0.00000,0.00000,0.00000,0.00000,0.00000,0.00000,0.00000
0.02232,0.00456,0.01537,0.02058,0.01441,0.02060,0.06145,0.01298,0.08807,0.01999,0.01984,0.01115,0.03612,0.08834,0.04639,0.01824,0.03844,0.07337,0.00715,0.03041,0.03194,0.02009,0.03019,0.01790,0.04649,0.01326,0.03344,0.05811,0.01586,0.01930,0.03228,0.03135,0.00000,0.00000,0.00000,0.00000,0.00000,0.00000,0.00000,0.00000,0.00000,0.00000,0.00000,0.00000,0.00000,0.00000,0.00000,0.00000,0.00000,0.00000,0.00000,0.00000,0.00000,0.00000,0.00000,0.00000,0.00000,0.00000,0.00000,0.00000,0.00000,0.00000,0.00000,0.00000,0.00000,0.00000
0.00000,0.00000,0.00000,0.00000,0.00000,0.00000,0.00000,0.00000,0.00000,0.00000,0.00000,0.00000,0.00000,0.00000,0.00000,0.00000,0.00000,0.00000,0.00000,0.00000,0.00000,0.00000,0.00000,0.00000,0.00000,0.00000,0.00000,0.00000,0.00000,0.00000,0.00000,0.00000,0.00000,0.00000,0.06086,0.00783,0.01386,0.05359,0.00778,0.01608,0.01174,0.03943,0.02758,0.01173,0.03979,0.03037,0.07170,0.01335,0.01029,0.01293,0.04692,0.03389,0.07565,0.02092,0.01589,0.04759,0.00989,0.01583,0.01922,0.00785,0.07587,0.03907,0.01221,0.01452,0.06169,0.07409
0.00000,0.00000,0.00000,0.00000,0.00000,0.00000,0.00000,0.00000,0.00000,0.00000,0.00000,0.00000,0.00000,0.00000,0.00000,0.00000,0.00000,0.00000,0.00000,0.00000,0.00000,0.00000,0.00000,0.00000,0.00000,0.00000,0.00000,0.00000,0.00000,0.00000,0.00000,0.00000,0.00000,0.00864,0.00000,0.01087,0.01702,0.04778,0.01640,0.01988,0.01739,0.02514,0.04142,0.01448,0.03208,0.04456,0.04086,0.01685,0.01692,0.01108,0.06874,0.02471,0.07792,0.07174,0.02434,0.05229,0.01633,0.02228,0.02616,0.00891,0.06784,0.02218,0.01788,0.02564,0.02725,0.06442
0.00000,0.00000,0.00000,0.00000,0.00000,0.00000,0.00000,0.00000,0.00000,0.00000,0.00000,0.00000,0.00000,0.00000,0.00000,0.00000,0.00000,0.00000,0.00000,0.00000,0.00000,0.00000,0.00000,0.00000,0.00000,0.00000,0.00000,0.00000,0.00000,0.00000,0.00000,0.00000,0.00000,0.00785,0.07682,0.00000,0.01269,0.04683,0.01306,0.02649,0.01658,0.02149,0.04176,0.01135,0.02633,0.04621,0.03971,0.01149,0.01829,0.00933,0.11769,0.01989,0.09157,0.02726,0.01737,0.04032,0.01579,0.02682,0.03356,0.00664,0.05292,0.02022,0.01325,0.01567,0.02360,0.05117
0.00000,0.00000,0.00000,0.00000,0.00000,0.00000,0.00000,0.00000,0.00000,0.00000,0.00000,0.00000,0.00000,0.00000,0.00000,0.00000,0.00000,0.00000,0.00000,0.00000,0.00000,0.00000,0.00000,0.00000,0.00000,0.00000,0.00000,0.00000,0.00000,0.00000,0.00000,0.00000,0.00000,0.00815,0.07052,0.00744,0.00000,0.03653,0.00835,0.01605,0.01421,0.02191,0.03216,0.02578,0.03951,0.03501,0.03530,0.01870,0.01140,0.00879,0.04761,0.02366,0.05777,0.02283,0.02763,0.10908,0.01145,0.01714,0.02025,0.01676,0.08179,0.02308,0.02147,0.02339,0.02597,0.08034
0.00000,0.00000,0.00000,0.00000,0.00000,0.00000,0.00000,0.00000,0.00000,0.00000,0.00000,0.00000,0.00000,0.00000,0.00000,0.00000,0.00000,0.00000,0.00000,0.00000,0.00000,0.00000,0.00000,0.00000,0.00000,0.00000,0.00000,0.00000,0.00000,0.00000,0.00000,0.00000,0.00000,0.01181,0.07420,0.01029,0.01370,0.00000,0.00987,0.01878,0.01326,0.03601,0.03171,0.01172,0.03255,0.03487,0.07023,0.01353,0.01238,0.01718,0.05850,0.02845,0.13258,0.02641,0.01694,0.04509,0.01164,0.01853,0.02261,0.00753,0.06612,0.02620,0.01290,0.01581,0.03529,0.06329
0.00000,0.00000,0.00000,0.00000,0.00000,0.00000,0.00000,0.00000,0.00000,0.00000,0.00000,0.00000,0.00000,0.00000,0.00000,0.00000,0.00000,0.00000,0.00000,0.00000,0.00000,0.00000,0.00000,0.00000,0.00000,0.00000,0.00000,0.00000,0.00000,0.00000,0.00000,0.00000,0.00000,0.00755,0.11215,0.01263,0.01378,0.04348,0.00000,0.02069,0.01736,0.02140,0.04305,0.01215,0.02689,0.04632,0.03675,0.01279,0.02021,0.00940,0.08183,0.02042,0.07579,0.04050,0.01986,0.04285,0.01800,0.02397,0.02810,0.00715,0.05535,0.01947,0.01487,0.01881,0.02332,0.05310
0.00000,0.00000,0.00000,0.00000,0.00000,0.00000,0.00000,0.00000,0.00000,0.00000,0.00000,0.00000,0.00000,0.00000,0.00000,0.00000,0.00000,0.00000,0.00000,0.00000,0.00000,0.00000,0.00000,0.00000,0.00000,0.00000,0.00000,0.00000,0.00000,0.00000,0.00000,0.00000,0.00000,0.00804,0.07005,0.01321,0.01365,0.04261,0.01066,0.00000,0.02019,0.02103,0.05044,0.01264,0.02797,0.05787,0.03943,0.01162,0.01795,0.00880,0.09189,0.01993,0.07819,0.02397,0.01876,0.04343,0.01672,0.03684,0.05214,0.00702,0.05496,0.02179,0.01453,0.01605,0.02394,0.05370
0.00000,0.00000,0.00000,0.00000,0.00000,0.00000,0.00000,0.00000,0.00000,0.00000,0.00000,0.00000,0.00000,0.00000,0.00000,0.00000,0.00000,0.00000,0.00000,0.00000,0.00000,0.00000,0.00000,0.00000,0.00000,0.00000,0.00000,0.00000,0.00000,0.00000,0.00000,0.00000,0.00000,0.00685,0.07148,0.00964,0.01410,0.03510,0.01043,0.02355,0.00000,0.01832,0.09412,0.01347,0.02585,0.09623,0.03231,0.01143,0.01950,0.00767,0.06992,0.01796,0.06068,0.02357,0.02197,0.04321,0.02254,0.03226,0.03465,0.00698,0.05158,0.01875,0.01706,0.01768,0.02089,0.05028
0.00000,0.00000,0.00000,0.00000,0.00000,0.00000,0.00000,0.00000,0.00000,0.00000,0.00000,0.00000,0.00000,0.00000,0.00000,0.00000,0.00000,0.00000,0.00000,0.00000,0.00000,0.00000,0.00000,0.00000,0.00000,0.00000,0.00000,0.00000,0.00000,0.00000,0.00000,0.00000,0.00000,0.01501,0.06744,0.00816,0.01419,0.06220,0.00840,0.01601,0.01196,0.00000,0.02819,0.01178,0.03783,0.03093,0.06406,0.01479,0.01070,0.02023,0.04854,0.04305,0.08037,0.02338,0.01647,0.04797,0.01025,0.01608,0.01944,0.00810,0.07863,0.02916,0.01255,0.01550,0.05442,0.07422
0.00000,0.00000,0.00000,0.00000,0.00000,0.00000,0.00000,0.00000,0.00000,0.00000,0.00000,0.00000,0.00000,0.00000,0.00000,0.00000,0.00000,0.00000,0.00000,0.00000,0.00000,0.00000,0.00000,0.00000,0.00000,0.00000,0.00000,0.00000,0.00000,0.00000,0.00000,0.00000,0.00000,0.00661,0.06993,0.00998,0.01311,0.03447,0.01063,0.02417,0.03866,0.01774,0.00000,0.01234,0.02453,0.15519,0.03145,0.01085,0.02208,0.00746,0.07501,0.01726,0.06024,0.02323,0.01998,0.04041,0.02613,0.03724,0.03795,0.00656,0.04903,0.01794,0.01541,0.01655,0.02012,0.04772
0.00000,0.00000,0.00000,0.00000,0.00000,0.00000,0.00000,0.00000,0.00000,0.00000,0.00000,0.00000,0.00000,0.00000,0.00000,0.00000,0.00000,0.00000,0.00000,0.00000,0.00000,0.00000,0.00000,0.00000,0.00000,0.00000,0.00000,0.00000,0.00000,0.00000,0.00000,0.00000,0.00000,0.00829,0.07211,0.00800,0.03100,0.03758,0.00885,0.01787,0.01632,0.02187,0.03641,0.00000,0.03794,0.03968,0.03641,0.01635,0.01253,0.00880,0.05190,0.02297,0.06055,0.02340,0.03174,0.08369,0.01271,0.01919,0.02260,0.01231,0.07511,0.02385,0.02635,0.02318,0.02595,0.07449
0.00000,0.00000,0.00000,0.00000,0.00000,0.00000,0.00000,0.00000,0.00000,0.00000,0.00000,0.00000,0.00000,0.00000,0.00000,0.00000,0.00000,0.00000,0.00000,0.00000,0.00000,0.00000,0.00000,0.00000,0.00000,0.00000,0.00000,0.00000,0.00000,0.00000,0.00000,0.00000,0.00000,0.01039,0.05900,0.00685,0.01754,0.03854,0.00723,0.01460,0.01157,0.02593,0.02672,0.01401,0.00000,0.02931,0.04031,0.01582,0.00971,0.00960,0.04252,0.03040,0.05836,0.01975,0.01747,0.06673,0.00952,0.01486,0.01783,0.01082,0.12502,0.03147,0.01349,0.01576,0.03429,0.15458
0.00000,0.00000,0.00000,0.00000,0.00000,0.00000,0.00000,0.00000,0.00000,0.00000,0.00000,0.00000,0.00000,0.00000,0.00000,0.00000,0.00000,0.00000,0.00000,0.00000,0.00000,0.00000,0.00000,0.00000,0.00000,0.00000,0.00000,0.00000,0.00000,0.00000,0.00000,0.00000,0.00000,0.00673,0.06956,0.01021,0.01319,0.03505,0.01057,0.02564,0.03655,0.01800,0.14351,0.01244,0.02488,0.00000,0.03206,0.01092,0.02167,0.00756,0.07700,0.01749,0.06145,0.02319,0.01988,0.04081,0.02419,0.04125,0.04111,0.00661,0.04960,0.01830,0.01537,0.01647,0.02044,0.04832
0.00000,0.00000,0.00000,0.00000,0.00000,0.00000,0.00000,0.00000,0.00000,0.00000,0.00000,0.00000,0.00000,0.00000,0.00000,0.00000,0.00000,0.00000,0.00000,0.00000,0.00000,0.00000,0.00000,0.00000,0.00000,0.00000,0.00000,0.00000,0.00000,0.00000,0.00000,0.00000,0.00000,0.01695,0.06806,0.00936,0.01420,0.07533,0.00895,0.01864,0.01310,0.03978,0.03103,0.01218,0.03651,0.03421,0.00000,0.01363,0.01175,0.01501,0.05485,0.03103,0.10128,0.02370,0.01697,0.04767,0.01118,0.01808,0.02208,0.00787,0.07156,0.03308,0.01301,0.01553,0.04407,0.06935
0.00000,0.00000,0.00000,0.00000,0.00000,0.00000,0.00000,0.00000,0.00000,0.00000,0.00000,0.00000,0.00000,0.00000,0.00000,0.00000,0.00000,0.00000,0.00000,0.00000,0.00000,0.00000,0.00000,0.00000,0.00000,0.00000,0.00000,0.00000,0.00000,0.00000,0.00000,0.00000,0.00000,0.00896,0.07967,0.00768,0.02134,0.04118,0.00884,0.01559,0.01314,0.02606,0.03039,0.01552,0.04066,0.03306,0.03867,0.00000,0.01129,0.01059,0.04800,0.02965,0.06263,0.02598,0.02211,0.06897,0.01112,0.01652,0.01962,0.01333,0.09826,0.02356,0.01653,0.02280,0.02972,0.08857
0.00000,0.00000,0.00000,0.00000,0.00000,0.00000,0.00000,0.00000,0.00000,0.00000,0.00000,0.00000,0.00000,0.00000,0.00000,0.00000,0.00000,0.00000,0.00000,0.00000,0.00000,0.00000,0.00000,0.00000,0.00000,0.00000,0.00000,0.00000,0.00000,0.00000,0.00000,0.00000,0.00000,0.00692,0.08021,0.01227,0.01305,0.03779,0.01402,0.02415,0.02250,0.01892,0.06201,0.01193,0.02503,0.06583,0.03345,0.01132,0.00000,0.00809,0.10001,0.01819,0.06707,0.02713,0.01941,0.04045,0.03143,0.03411,0.03735,0.00664,0.05053,0.01838,0.01475,0.01703,0.02112,0.04892
0.00000,0.00000,0.00000,0.00000,0.00000,0.00000,0.00000,0.00000,0.00000,0.00000,0.00000,0.00000,0.00000,0.00000,0.00000,0.00000,0.00000,0.00000,0.00000,0.00000,0.00000,0.00000,0.00000,0.00000,0.00000,0.00000,0.00000,0.00000,0.00000,0.00000,0.00000,0.00000,0.00000,0.01192,0.07197,0.00858,0.01378,0.07189,0.00893,0.01623,0.01212,0.04899,0.02872,0.01149,0.03393,0.03147,0.05853,0.01456,0.01108,0.00000,0.05048,0.03456,0.08689,0.02532,0.01648,0.04577,0.01055,0.01641,0.01984,0.00777,0.07146,0.02554,0.01251,0.01572,0.03925,0.06725
0.00000,0.00000,0.00000,0.00000,0.00000,0.00000,0.00000,0.00000,0.00000,0.00000,0.00000,0.00000,0.00000,0.00000,0.00000,0.00000,0.00000,0.00000,0.00000,0.00000,0.00000,0.00000,0.00000,0.00000,0.00000,0.00000,0.00000,0.00000,0.00000,0.00000,0.00000,0.00000,0.00000,0.00808,0.08344,0.02022,0.01395,0.04573,0.01453,0.03166,0.02065,0.02197,0.05393,0.01265,0.02806,0.05987,0.03997,0.01233,0.02560,0.00943,0.00000,0.02071,0.08495,0.02902,0.01969,0.04394,0.02070,0.03690,0.04582,0.00721,0.05631,0.02123,0.01503,0.01745,0.02441,0.05456
0.00000,0.00000,0.00000,0.00000,0.00000,0.00000,0.00000,0.00000,0.00000,0.00000,0.00000,0.00000,0.00000,0.00000,0.00000,0.00000,0.00000,0.00000,0.00000,0.00000,0.00000,0.00000,0.00000,0.00000,0.00000,0.00000,0.00000,0.00000,0.00000,0.00000,0.00000,0.00000,0.00000,0.01299,0.06672,0.00760,0.01542,0.04945,0.00806,0.01527,0.01180,0.04332,0.02760,0.01245,0.04463,0.03024,0.05028,0.01693,0.01036,0.01436,0.04606,0.00000,0.06941,0.02276,0.01707,0.05319,0.01001,0.01553,0.01869,0.00914,0.09976,0.02928,0.01301,0.01617,0.05145,0.09101
0.00000,0.00000,0.00000,0.00000,0.00000,0.00000,0.00000,0.00000,0.00000,0.00000,0.00000,0.00000,0.00000,0.00000,0.00000,0.00000,0.00000,0.00000,0.00000,0.00000,0.00000,0.00000,0.00000,0.00000,0.00000,0.00000,0.00000,0.00000,0.00000,0.00000,0.00000,0.00000,0.00000,0.01111,0.08059,0.01340,0.01442,0.08829,0.01146,0.02295,0.01527,0.03099,0.03690,0.01257,0.03282,0.04071,0.06288,0.01370,0.01463,0.01383,0.07237,0.02659,0.00000,0.02880,0.01840,0.04700,0.01355,0.02212,0.02725,0.00778,0.06589,0.02653,0.01404,0.01692,0.03271,0.06351
0.00000,0.00000,0.00000,0.00000,0.00000,0.00000,0.00000,0.00000,0.00000,0.00000,0.00000,0.00000,0.00000,0.00000,0.00000,0.00000,0.00000,0.00000,0.00000,0.00000,0.00000,0.00000,0.00000,0.00000,0.00000,0.00000,0.00000,0.00000,0.00000,0.00000,0.00000,0.00000,0.00000,0.00769,0.18587,0.01000,0.01428,0.04406,0.01535,0.01762,0.01486,0.02258,0.03566,0.01217,0.02783,0.03848,0.03685,0.01424,0.01482,0.01010,0.06194,0.02184,0.07215,0.00000,0.01990,0.04436,0.01405,0.01954,0.02307,0.00754,0.05866,0.01953,0.01475,0.02031,0.02421,0.05570
0.00000,0.00000,0.00000,0.00000,0.00000,0.00000,0.00000,0.00000,0.00000,0.00000,0.00000,0.00000,0.00000,0.00000,0.00000,0.00000,0.00000,0.00000,0.00000,0.00000,0.00000,0.00000,0.00000,0.00000,0.00000,0.00000,0.00000,0.00000,0.00000,0.00000,0.00000,0.00000,0.00000,0.00776,0.08367,0.00845,0.02293,0.03750,0.00999,0.01831,0.01838,0.02111,0.04069,0.02191,0.03266,0.04379,0.03503,0.01608,0.01407,0.00872,0.05575,0.02174,0.06115,0.02641,0.00000,0.06293,0.01458,0.02060,0.02392,0.01028,0.06706,0.02141,0.05171,0.03204,0.02431,0.06508
0.00000,0.00000,0.00000,0.00000,0.00000,0.00000,0.00000,0.00000,0.00000,0.00000,0.00000,0.00000,0.00000,0.00000,0.00000,0.00000,0.00000,0.00000,0.00000,0.00000,0.00000,0.00000,0.00000,0.00000,0.00000,0.00000,0.00000,0.00000,0.00000,0.00000,0.00000,0.00000,0.00000,0.00916,0.07092,0.00774,0.03571,0.03937,0.00850,0.01671,0.01426,0.02425,0.03246,0.02279,0.04921,0.03545,0.03881,0.01979,0.01157,0.00955,0.04909,0.02672,0.06163,0.02322,0.02482,0.00000,0.01153,0.01756,0.02085,0.02177,0.09951,0.02648,0.01932,0.02159,0.02935,0.10033
0.00000,0.00000,0.00000,0.00000,0.00000,0.00000,0.00000,0.00000,0.00000,0.00000,0.00000,0.00000,0.00000,0.00000,0.00000,0.00000,0.00000,0.00000,0.00000,0.00000,0.00000,0.00000,0.00000,0.00000,0.00000,0.00000,0.00000,0.00000,0.00000,0.00000,0.00000,0.00000,0.00000,0.00682,0.07934,0.01086,0.01343,0.03640,0.01279,0.02305,0.02665,0.01857,0.07519,0.01240,0.02514,0.07528,0.03260,0.01143,0.03220,0.00789,0.08283,0.01802,0.06364,0.02635,0.02060,0.04130,0.00000,0.03290,0.03520,0.00676,0.05073,0.01826,0.01567,0.01769,0.02086,0.04917
0.00000,0.00000,0.00000,0.00000,0.00000,0.00000,0.00000,0.00000,0.00000,0.00000,0.00000,0.00000,0.00000,0.00000,0.00000,0.00000,0.00000,0.00000,0.00000,0.00000,0.00000,0.00000,0.00000,0.00000,0.00000,0.00000,0.00000,0.00000,0.00000,0.00000,0.00000,0.00000,0.00000,0.00686,0.06806,0.01159,0.01264,0.03645,0.01071,0.03193,0.02397,0.01830,0.06736,0.01176,0.02468,0.08069,0.03315,0.01068,0.02197,0.00771,0.09284,0.01757,0.06531,0.02304,0.01829,0.03954,0.02068,0.00000,0.07209,0.00642,0.04907,0.01853,0.01411,0.01552,0.02071,0.04779
0.00000,0.00000,0.00000,0.00000,0.00000,0.00000,0.00000,0.00000,0.00000,0.00000,0.00000,0.00000,0.00000,0.00000,0.00000,0.00000,0.00000,0.00000,0.00000,0.00000,0.00000,0.00000,0.00000,0.00000,0.00000,0.00000,0.00000,0.00000,0.00000,0.00000,0.00000,0.00000,0.00000,0.00719,0.06894,0.01251,0.01288,0.03836,0.01083,0.03899,0.02221,0.01910,0.05924,0.01196,0.02555,0.06940,0.03493,0.01094,0.02076,0.00805,0.09946,0.01824,0.06943,0.02346,0.01834,0.04052,0.01909,0.06221,0.00000,0.00657,0.05067,0.01939,0.01415,0.01564,0.02162,0.04938
0.00000,0.00000,0.00000,0.00000,0.00000,0.00000,0.00000,0.00000,0.00000,0.00000,0.00000,0.00000,0.00000,0.00000,0.00000,0.00000,0.00000,0.00000,0.00000,0.00000,0.00000,0.00000,0.00000,0.00000,0.00000,0.00000,0.00000,0.00000,0.00000,0.00000,0.00000,0.00000,0.00000,0.00817,0.06535,0.00689,0.02968,0.03556,0.00767,0.01461,0.01246,0.02215,0.02848,0.01813,0.04315,0.03106,0.03467,0.02069,0.01027,0.00877,0.04353,0.02482,0.05519,0.02134,0.02192,0.11771,0.01021,0.01541,0.01829,0.00000,0.09500,0.02299,0.01680,0.02008,0.02652,0.09245
0.00000,0.00000,0.00000,0.00000,0.00000,0.00000,0.00000,0.00000,0.00000,0.00000,0.00000,0.00000,0.00000,0.00000,0.00000,0.00000,0.00000,0.00000,0.00000,0.00000,0.00000,0.00000,0.00000,0.00000,0.00000,0.00000,0.00000,0.00000,0.00000,0.00000,0.00000,0.00000,0.00000,0.01007,0.06344,0.00700,0.01846,0.03981,0.00757,0.01459,0.01174,0.02741,0.02716,0.01410,0.06357,0.02971,0.04017,0.01944,0.00997,0.01028,0.04338,0.03455,0.05958,0.02117,0.01824,0.06862,0.00976,0.01503,0.01798,0.01211,0.00000,0.02757,0.01396,0.01702,0.03448,0.19206
0.00000,0.00000,0.00000,0.00000,0.00000,0.00000,0.00000,0.00000,0.00000,0.00000,0.00000,0.00000,0.00000,0.00000,0.00000,0.00000,0.00000,0.00000,0.00000,0.00000,0.00000,0.00000,0.00000,0.00000,0.00000,0.00000,0.00000,0.00000,0.00000,0.00000,0.00000,0.00000,0.00000,0.01598,0.06392,0.00825,0.01606,0.04862,0.00821,0.01782,0.01314,0.03133,0.03063,0.01380,0.04932,0.03377,0.05722,0.01436,0.01117,0.01133,0.05041,0.03125,0.07393,0.02173,0.01794,0.05627,0.01083,0.01748,0.02120,0.00903,0.08497,0.00000,0.01390,0.01596,0.04400,0.08615
0.00000,0.00000,0.00000,0.00000,0.00000,0.00000,0.00000,0.00000,0.00000,0.00000,0.00000,0.00000,0.00000,0.00000,0.00000,0.00000,0.00000,0.00000,0.00000,0.00000,0.00000,0.00000,0.00000,0.00000,0.00000,0.00000,0.00000,0.00000,0.00000,0.00000,0.00000,0.00000,0.00000,0.00769,0.07935,0.00832,0.02300,0.03686,0.00965,0.01829,0.01841,0.02076,0.04050,0.02348,0.03256,0.04367,0.03466,0.01552,0.01380,0.00854,0.05493,0.02138,0.06021,0.02525,0.06673,0.06321,0.01431,0.02050,0.02383,0.01016,0.06623,0.02139,0.00000,0.02821,0.02403,0.06455
0.00000,0.00000,0.00000,0.00000,0.00000,0.00000,0.00000,0.00000,0.00000,0.00000,0.00000,0.00000,0.00000,0.00000,0.00000,0.00000,0.00000,0.00000,0.00000,0.00000,0.00000,0.00000,0.00000,0.00000,0.00000,0.00000,0.00000,0.00000,0.00000,0.00000,0.00000,0.00000,0.00000,0.00798,0.09936,0.00859,0.02188,0.03945,0.01066,0.01765,0.01667,0.02239,0.03799,0.01803,0.03320,0.04087,0.03612,0.01869,0.01391,0.00938,0.05569,0.02321,0.06339,0.03037,0.03611,0.06169,0.01411,0.01969,0.02300,0.01061,0.07052,0.02145,0.02464,0.00000,0.02534,0.06736
0.00000,0.00000,0.00000,0.00000,0.00000,0.00000,0.00000,0.00000,0.00000,0.00000,0.00000,0.00000,0.00000,0.00000,0.00000,0.00000,0.00000,0.00000,0.00000,0.00000,0.00000,0.00000,0.00000,0.00000,0.00000,0.00000,0.00000,0.00000,0.00000,0.00000,0.00000,0.00000,0.00000,0.02049,0.06376,0.00782,0.01467,0.05317,0.00798,0.01590,0.01189,0.04748,0.02789,0.01219,0.04364,0.03065,0.06191,0.01471,0.01043,0.01414,0.04706,0.04459,0.07402,0.02187,0.01655,0.05065,0.01005,0.01587,0.01920,0.00846,0.08628,0.03573,0.01268,0.01530,0.00000,0.08296
0.00000,0.00000,0.00000,0.00000,0.00000,0.00000,0.00000,0.00000,0.00000,0.00000,0.00000,0.00000,0.00000,0.00000,0.00000,0.00000,0.00000,0.00000,0.00000,0.00000,0.00000,0.00000,0.00000,0.00000,0.00000,0.00000,0.00000,0.00000,0.00000,0.00000,0.00000,0.00000,0.00000,0.00993,0.06084,0.00684,0.01832,0.03849,0.00733,0.01440,0.01156,0.02613,0.02670,0.01413,0.07939,0.02923,0.03932,0.01770,0.00974,0.00978,0.04245,0.03184,0.05800,0.02031,0.01788,0.06988,0.00956,0.01478,0.01770,0.01191,0.19399,0.02824,0.01374,0.01642,0.03348,0.00000
