0.000000000000000000e+00,3.058087818103879391e-02,3.721074691178283267e-02,2.198139115252928377e-02,1.474556545712037703e-01,7.814526447803157860e-02,6.306670403815124726e-02,3.769023451215777060e-02,3.255940354780997859e-02,1.492066736640590592e-02,5.433945326988189051e-02,7.524814862240480906e-02,2.311910190271576626e-02,2.759194589852558693e-02,2.491032436253135668e-02,2.243466340009390991e-02,7.169142051386692693e-02,1.661636984595084299e-02,3.332100741627082308e-02,7.871431204618010991e-02,4.278122450861373410e-02,3.217746184389535385e-02,3.344362160995769523e-02,0.000000000000000000e+00,0.000000000000000000e+00,0.000000000000000000e+00,0.000000000000000000e+00,0.000000000000000000e+00,0.000000000000000000e+00,0.000000000000000000e+00,0.000000000000000000e+00,0.000000000000000000e+00,0.000000000000000000e+00,0.000000000000000000e+00,0.000000000000000000e+00,0.000000000000000000e+00,0.000000000000000000e+00,0.000000000000000000e+00,0.000000000000000000e+00,0.000000000000000000e+00,0.000000000000000000e+00,0.000000000000000000e+00,0.000000000000000000e+00,0.000000000000000000e+00,0.000000000000000000e+00,0.000000000000000000e+00
3.624513151620606388e-02,0.000000000000000000e+00,3.291168672117354699e-02,2.451748267491936015e-02,1.337133750824836542e-01,9.272938557159651762e-02,6.372768997326928864e-02,5.033884951866589297e-02,3.545452733263840250e-02,1.770887488569445126e-02,6.408148819023422316e-02,3.398998447287616964e-02,2.166685041988003838e-02,2.442750995796262939e-02,3.068580147175423156e-02,2.065041772011091958e-02,8.389504818753910909e-02,1.694717043047517038e-02,2.879045648147117095e-02,7.777684279621316366e-02,2.771995954060569797e-02,3.661194019040005243e-02,4.540952686383030457e-02,0.000000000000000000e+00,0.000000000000000000e+00,0.000000000000000000e+00,0.000000000000000000e+00,0.000000000000000000e+00,0.000000000000000000e+00,0.000000000000000000e+00,0.000000000000000000e+00,0.000000000000000000e+00,0.000000000000000000e+00,0.000000000000000000e+00,0.000000000000000000e+00,0.000000000000000000e+00,0.000000000000000000e+00,0.000000000000000000e+00,0.000000000000000000e+00,0.000000000000000000e+00,0.000000000000000000e+00,0.000000000000000000e+00,0.000000000000000000e+00,0.000000000000000000e+00,0.000000000000000000e+00,0.000000000000000000e+00
2.702412730272767474e-02,2.016664734435975187e-02,0.000000000000000000e+00,2.350023571846625650e-02,8.427805211684913367e-02,7.144932269779417922e-02,8.610276768838510952e-02,3.214719813771144130e-02,3.675258923602100353e-02,1.478334829213165565e-02,5.434061836055939509e-02,2.603277594874939954e-02,4.478103904947743769e-02,4.632566432039933457e-02,2.334269046269982911e-02,5.333654207001098380e-02,6.798677124808148731e-02,2.194938660912925180e-02,5.876993924493758431e-02,1.164042008565037006e-01,3.038443357160326361e-02,3.307709737593363813e-02,2.706455234746851443e-02,0.000000000000000000e+00,0.000000000000000000e+00,0.000000000000000000e+00,0.000000000000000000e+00,0.000000000000000000e+00,0.000000000000000000e+00,0.000000000000000000e+00,0.000000000000000000e+00,0.000000000000000000e+00,0.000000000000000000e+00,0.000000000000000000e+00,0.000000000000000000e+00,0.000000000000000000e+00,0.000000000000000000e+00,0.000000000000000000e+00,0.000000000000000000e+00,0.000000000000000000e+00,0.000000000000000000e+00,0.000000000000000000e+00,0.000000000000000000e+00,0.000000000000000000e+00,0.000000000000000000e+00,0.000000000000000000e+00
2.088990152837621669e-02,1.965881646928216084e-02,3.075177201048341635e-02,0.000000000000000000e+00,6.983446492272871176e-02,9.606252838458106957e-02,8.315406404730478485e-02,4.108688929131341233e-02,6.003231055219792472e-02,2.648278373635035501e-02,1.001292958019297796e-01,2.020132428805593294e-02,2.203621881723451248e-02,2.168514870651723492e-02,3.739892300422322652e-02,2.059009613398924549e-02,1.017055136991404513e-01,2.329503456260273789e-02,2.500130035701632683e-02,9.155757192876333439e-02,1.955375377468495518e-02,4.117426663412265125e-02,2.771802134910159726e-02,0.000000000000000000e+00,0.000000000000000000e+00,0.000000000000000000e+00,0.000000000000000000e+00,0.000000000000000000e+00,0.000000000000000000e+00,0.000000000000000000e+00,0.000000000000000000e+00,0.000000000000000000e+00,0.000000000000000000e+00,0.000000000000000000e+00,0.000000000000000000e+00,0.000000000000000000e+00,0.000000000000000000e+00,0.000000000000000000e+00,0.000000000000000000e+00,0.000000000000000000e+00,0.000000000000000000e+00,0.000000000000000000e+00,0.000000000000000000e+00,0.000000000000000000e+00,0.000000000000000000e+00,0.000000000000000000e+00
5.175597085261877950e-02,3.959808213313754932e-02,4.073148340947434914e-02,2.579215439242965591e-02,0.000000000000000000e+00,8.887842360932295127e-02,7.303188276676754465e-02,4.459503733532212133e-02,3.891638157530723924e-02,1.813138589826822356e-02,6.588548738557056805e-02,4.353496089322213269e-02,2.636587385640871625e-02,3.161499100592782274e-02,2.974939668564461834e-02,2.513492139086163230e-02,8.226294967873061525e-02,1.922168502031736462e-02,3.738412022024829862e-02,9.120558290265697032e-02,3.815500792602976449e-02,4.054301139480882832e-02,4.751120966692419512e-02,0.000000000000000000e+00,0.000000000000000000e+00,0.000000000000000000e+00,0.000000000000000000e+00,0.000000000000000000e+00,0.000000000000000000e+00,0.000000000000000000e+00,0.000000000000000000e+00,0.000000000000000000e+00,0.000000000000000000e+00,0.000000000000000000e+00,0.000000000000000000e+00,0.000000000000000000e+00,0.000000000000000000e+00,0.000000000000000000e+00,0.000000000000000000e+00,0.000000000000000000e+00,0.000000000000000000e+00,0.000000000000000000e+00,0.000000000000000000e+00,0.000000000000000000e+00,0.000000000000000000e+00,0.000000000000000000e+00
2.438832642644566534e-02,2.441726343690186346e-02,3.070394359254765074e-02,3.154656873597783823e-02,7.902720981896116381e-02,0.000000000000000000e+00,6.758297218828143715e-02,6.420535148102053669e-02,3.891841380821524365e-02,2.072441376469199431e-02,7.469045530886510298e-02,2.397258585697266409e-02,2.068092071829597672e-02,2.148413756619990678e-02,4.249030392235820380e-02,1.975050546575015178e-02,2.064814291758074183e-01,1.832079206189895365e-02,2.516235672436666765e-02,7.887458641159088291e-02,2.175656978931354499e-02,3.484196356756100177e-02,2.997893017797605836e-02,0.000000000000000000e+00,0.000000000000000000e+00,0.000000000000000000e+00,0.000000000000000000e+00,0.000000000000000000e+00,0.000000000000000000e+00,0.000000000000000000e+00,0.000000000000000000e+00,0.000000000000000000e+00,0.000000000000000000e+00,0.000000000000000000e+00,0.000000000000000000e+00,0.000000000000000000e+00,0.000000000000000000e+00,0.000000000000000000e+00,0.000000000000000000e+00,0.000000000000000000e+00,0.000000000000000000e+00,0.000000000000000000e+00,0.000000000000000000e+00,0.000000000000000000e+00,0.000000000000000000e+00,0.000000000000000000e+00
2.131165451813901018e-02,1.816960481613917600e-02,4.006368140310830050e-02,2.956781919486045282e-02,7.031216995263396552e-02,7.317706489134583048e-02,0.000000000000000000e+00,3.229260713565849233e-02,5.142775758047157808e-02,1.696220803875561969e-02,6.315061100032830221e-02,2.052569923760906231e-02,3.262045926831030895e-02,2.740206266541626162e-02,2.525327277740255921e-02,2.922677180910854960e-02,7.208186948255777826e-02,6.524091853662061791e-02,3.094648488258306893e-02,1.957227556098618260e-01,2.123411033917820684e-02,3.756760778878134865e-02,2.574280907112969433e-02,0.000000000000000000e+00,0.000000000000000000e+00,0.000000000000000000e+00,0.000000000000000000e+00,0.000000000000000000e+00,0.000000000000000000e+00,0.000000000000000000e+00,0.000000000000000000e+00,0.000000000000000000e+00,0.000000000000000000e+00,0.000000000000000000e+00,0.000000000000000000e+00,0.000000000000000000e+00,0.000000000000000000e+00,0.000000000000000000e+00,0.000000000000000000e+00,0.000000000000000000e+00,0.000000000000000000e+00,0.000000000000000000e+00,0.000000000000000000e+00,0.000000000000000000e+00,0.000000000000000000e+00,0.000000000000000000e+00
2.523117856444320739e-02,2.843231722073882861e-02,2.963251643045404851e-02,2.894214673390462997e-02,8.505428558966555974e-02,1.377211344336421450e-01,6.397271374666235744e-02,0.000000000000000000e+00,3.800219670538437788e-02,2.176036154019764940e-02,7.727435116149573846e-02,2.446057845313653542e-02,2.004748736980992499e-02,2.129383984177432576e-02,4.669239076456700027e-02,1.901871643561729719e-02,1.211702573918834042e-01,1.725776200314247180e-02,2.488788122709061773e-02,7.569353569332963605e-02,2.179641850202771944e-02,3.693466350242639168e-02,3.472326668860614696e-02,0.000000000000000000e+00,0.000000000000000000e+00,0.000000000000000000e+00,0.000000000000000000e+00,0.000000000000000000e+00,0.000000000000000000e+00,0.000000000000000000e+00,0.000000000000000000e+00,0.000000000000000000e+00,0.000000000000000000e+00,0.000000000000000000e+00,0.000000000000000000e+00,0.000000000000000000e+00,0.000000000000000000e+00,0.000000000000000000e+00,0.000000000000000000e+00,0.000000000000000000e+00,0.000000000000000000e+00,0.000000000000000000e+00,0.000000000000000000e+00,0.000000000000000000e+00,0.000000000000000000e+00,0.000000000000000000e+00
2.149740333530637121e-02,1.975065654988495192e-02,3.341290334788395849e-02,4.170742763907090561e-02,7.320537826329998055e-02,8.233516533125152803e-02,1.004824278290840228e-01,3.748086182724461035e-02,0.000000000000000000e+00,2.409483974608582491e-02,9.175634080595600206e-02,2.059500852573309046e-02,2.503571111811695588e-02,2.417049092044684308e-02,3.170648130144234494e-02,2.286980980137246974e-02,8.320331798661302625e-02,2.793164635862030454e-02,2.749024727633173071e-02,1.096106298949964947e-01,2.042779324029262572e-02,5.182634815287035651e-02,2.940911074809562237e-02,0.000000000000000000e+00,0.000000000000000000e+00,0.000000000000000000e+00,0.000000000000000000e+00,0.000000000000000000e+00,0.000000000000000000e+00,0.000000000000000000e+00,0.000000000000000000e+00,0.000000000000000000e+00,0.000000000000000000e+00,0.000000000000000000e+00,0.000000000000000000e+00,0.000000000000000000e+00,0.000000000000000000e+00,0.000000000000000000e+00,0.000000000000000000e+00,0.000000000000000000e+00,0.000000000000000000e+00,0.000000000000000000e+00,0.000000000000000000e+00,0.000000000000000000e+00,0.000000000000000000e+00,0.000000000000000000e+00
1.766049855560906587e-02,1.768503621306086182e-02,2.409374054505051058e-02,3.298352949456315186e-02,6.114299159818097767e-02,7.859911056770214899e-02,5.941280597593159851e-02,3.847442342434579526e-02,4.319457337132294461e-02,0.000000000000000000e+00,2.513682551491319694e-01,1.695208845087984098e-02,1.711431308924134601e-02,1.751171327127100039e-02,3.969380875574240325e-02,1.593255841082552929e-02,8.061307765101022316e-02,1.619475287266750746e-02,2.012224049610075380e-02,6.841936038660102748e-02,1.611259303389921821e-02,4.030653882550511852e-02,2.641198986135708318e-02,0.000000000000000000e+00,0.000000000000000000e+00,0.000000000000000000e+00,0.000000000000000000e+00,0.000000000000000000e+00,0.000000000000000000e+00,0.000000000000000000e+00,0.000000000000000000e+00,0.000000000000000000e+00,0.000000000000000000e+00,0.000000000000000000e+00,0.000000000000000000e+00,0.000000000000000000e+00,0.000000000000000000e+00,0.000000000000000000e+00,0.000000000000000000e+00,0.000000000000000000e+00,0.000000000000000000e+00,0.000000000000000000e+00,0.000000000000000000e+00,0.000000000000000000e+00,0.000000000000000000e+00,0.000000000000000000e+00
2.151491844120061170e-02,2.140707355936815118e-02,2.962550247489613084e-02,4.171616562972111503e-02,7.432162116964714793e-02,9.475676219533797628e-02,7.399203364246390024e-02,4.570367357931964108e-02,5.502384829695936702e-02,8.408531570853625126e-02,0.000000000000000000e+00,2.066283905328114220e-02,2.112723049877209339e-02,2.155123056567295747e-02,4.598977135655939880e-02,1.965137439177120499e-02,9.720190419226314160e-02,2.018278250558461565e-02,2.475699412690777340e-02,8.493211769251649002e-02,1.970680856223663846e-02,5.005939875566534775e-02,3.203063360131887943e-02,0.000000000000000000e+00,0.000000000000000000e+00,0.000000000000000000e+00,0.000000000000000000e+00,0.000000000000000000e+00,0.000000000000000000e+00,0.000000000000000000e+00,0.000000000000000000e+00,0.000000000000000000e+00,0.000000000000000000e+00,0.000000000000000000e+00,0.000000000000000000e+00,0.000000000000000000e+00,0.000000000000000000e+00,0.000000000000000000e+00,0.000000000000000000e+00,0.000000000000000000e+00,0.000000000000000000e+00,0.000000000000000000e+00,0.000000000000000000e+00,0.000000000000000000e+00,0.000000000000000000e+00,0.000000000000000000e+00
7.954896298982370995e-02,3.031725958597167314e-02,3.789447489109022682e-02,2.247177228538932078e-02,1.311226850137869049e-01,8.120340721219729274e-02,6.421250783264877138e-02,3.862751136931758672e-02,3.297547917543471735e-02,1.514074349791528183e-02,5.517016167327205844e-02,0.000000000000000000e+00,2.339422430500702130e-02,2.753936239148610868e-02,2.543532802712192287e-02,2.278647824457005061e-02,7.416326051372421069e-02,1.693285858008123854e-02,3.336108080034612400e-02,7.990815465742538704e-02,4.290551992546615123e-02,3.215630976035015187e-02,3.273245726757404578e-02,0.000000000000000000e+00,0.000000000000000000e+00,0.000000000000000000e+00,0.000000000000000000e+00,0.000000000000000000e+00,0.000000000000000000e+00,0.000000000000000000e+00,0.000000000000000000e+00,0.000000000000000000e+00,0.000000000000000000e+00,0.000000000000000000e+00,0.000000000000000000e+00,0.000000000000000000e+00,0.000000000000000000e+00,0.000000000000000000e+00,0.000000000000000000e+00,0.000000000000000000e+00,0.000000000000000000e+00,0.000000000000000000e+00,0.000000000000000000e+00,0.000000000000000000e+00,0.000000000000000000e+00,0.000000000000000000e+00
2.297442922769947146e-02,1.816644002336681094e-02,6.127518725042761794e-02,2.304250175978040174e-02,7.464778285772680211e-02,6.585129307105705432e-02,9.592831369103498040e-02,2.975945835691861524e-02,3.768114914568818086e-02,1.436873493053483775e-02,5.302637054744598760e-02,2.199093615725276202e-02,0.000000000000000000e+00,4.051644484761324910e-02,2.214104667909719618e-02,6.042915755149312618e-02,6.338874255679083358e-02,2.375125420214807895e-02,4.434964807841277473e-02,1.438924705365524914e-01,2.438155115383410648e-02,3.311249415751903874e-02,2.532459321760547125e-02,0.000000000000000000e+00,0.000000000000000000e+00,0.000000000000000000e+00,0.000000000000000000e+00,0.000000000000000000e+00,0.000000000000000000e+00,0.000000000000000000e+00,0.000000000000000000e+00,0.000000000000000000e+00,0.000000000000000000e+00,0.000000000000000000e+00,0.000000000000000000e+00,0.000000000000000000e+00,0.000000000000000000e+00,0.000000000000000000e+00,0.000000000000000000e+00,0.000000000000000000e+00,0.000000000000000000e+00,0.000000000000000000e+00,0.000000000000000000e+00,0.000000000000000000e+00,0.000000000000000000e+00,0.000000000000000000e+00
2.700383541861719680e-02,2.017077543885952354e-02,6.242829701197481068e-02,2.233182978519750173e-02,8.815301223283990295e-02,6.737235266235623576e-02,7.936140451792630945e-02,3.113066574482200796e-02,3.582770830064972017e-02,1.447961615935301760e-02,5.327098857072787991e-02,2.549519278335612635e-02,3.990255289494024776e-02,0.000000000000000000e+00,2.259302965786207443e-02,3.771672850375328706e-02,6.413897804702063665e-02,2.020782005305936727e-02,8.837311997180952172e-02,1.079537609724556119e-01,3.006514595954092386e-02,3.393636405020044461e-02,2.808682126267762411e-02,0.000000000000000000e+00,0.000000000000000000e+00,0.000000000000000000e+00,0.000000000000000000e+00,0.000000000000000000e+00,0.000000000000000000e+00,0.000000000000000000e+00,0.000000000000000000e+00,0.000000000000000000e+00,0.000000000000000000e+00,0.000000000000000000e+00,0.000000000000000000e+00,0.000000000000000000e+00,0.000000000000000000e+00,0.000000000000000000e+00,0.000000000000000000e+00,0.000000000000000000e+00,0.000000000000000000e+00,0.000000000000000000e+00,0.000000000000000000e+00,0.000000000000000000e+00,0.000000000000000000e+00,0.000000000000000000e+00
2.157770331479675480e-02,2.242660730737197280e-02,2.784155292084279643e-02,3.408817197923945386e-02,7.341840904969566817e-02,1.179332694072346560e-01,6.473310994439025745e-02,6.041756928143091065e-02,4.159722108327130324e-02,2.904918127800144162e-02,1.006149801020535250e-01,2.084128412915940698e-02,1.929968456408323249e-02,1.999664720865255638e-02,0.000000000000000000e+00,1.816552839830235661e-02,1.230134808803307472e-01,1.759679076918214610e-02,2.319141232436606678e-02,7.514876485203839107e-02,1.929968456408323249e-02,3.880665530133360630e-02,3.094229134013948626e-02,0.000000000000000000e+00,0.000000000000000000e+00,0.000000000000000000e+00,0.000000000000000000e+00,0.000000000000000000e+00,0.000000000000000000e+00,0.000000000000000000e+00,0.000000000000000000e+00,0.000000000000000000e+00,0.000000000000000000e+00,0.000000000000000000e+00,0.000000000000000000e+00,0.000000000000000000e+00,0.000000000000000000e+00,0.000000000000000000e+00,0.000000000000000000e+00,0.000000000000000000e+00,0.000000000000000000e+00,0.000000000000000000e+00,0.000000000000000000e+00,0.000000000000000000e+00,0.000000000000000000e+00,0.000000000000000000e+00
2.355113308737574046e-02,1.829032247608988748e-02,7.709634937778894748e-02,2.274413396397747048e-02,7.517453523554037953e-02,6.643411128435848523e-02,9.079377322306364517e-02,2.982392197471897197e-02,3.636178856670345405e-02,1.413067985242544636e-02,5.210276112947086896e-02,2.262719676779627667e-02,6.383590460045199255e-02,4.045601873110673402e-02,2.201478503032481410e-02,0.000000000000000000e+00,6.369388906391408589e-02,2.279216028912536829e-02,4.649630940581975236e-02,1.292110657817086561e-01,2.537945022738534798e-02,3.193153151900677417e-02,2.505817841184679318e-02,0.000000000000000000e+00,0.000000000000000000e+00,0.000000000000000000e+00,0.000000000000000000e+00,0.000000000000000000e+00,0.000000000000000000e+00,0.000000000000000000e+00,0.000000000000000000e+00,0.000000000000000000e+00,0.000000000000000000e+00,0.000000000000000000e+00,0.000000000000000000e+00,0.000000000000000000e+00,0.000000000000000000e+00,0.000000000000000000e+00,0.000000000000000000e+00,0.000000000000000000e+00,0.000000000000000000e+00,0.000000000000000000e+00,0.000000000000000000e+00,0.000000000000000000e+00,0.000000000000000000e+00,0.000000000000000000e+00
2.296725203137284926e-02,2.267662671496013804e-02,2.999044959953633266e-02,3.428507705283119489e-02,7.508394796168763041e-02,2.119549258895266075e-01,6.833620543969845529e-02,5.798680541006737826e-02,4.037131833416519877e-02,2.181888942980420715e-02,7.864881504115281419e-02,2.247459953703637853e-02,2.043526226442441904e-02,2.099523614286023104e-02,4.549552944831726509e-02,1.943781162053113964e-02,0.000000000000000000e+00,1.863369857318335210e-02,2.452231471730930562e-02,7.904357785368253120e-02,2.073293442102602802e-02,3.514531142126007396e-02,2.896341109556654220e-02,0.000000000000000000e+00,0.000000000000000000e+00,0.000000000000000000e+00,0.000000000000000000e+00,0.000000000000000000e+00,0.000000000000000000e+00,0.000000000000000000e+00,0.000000000000000000e+00,0.000000000000000000e+00,0.000000000000000000e+00,0.000000000000000000e+00,0.000000000000000000e+00,0.000000000000000000e+00,0.000000000000000000e+00,0.000000000000000000e+00,0.000000000000000000e+00,0.000000000000000000e+00,0.000000000000000000e+00,0.000000000000000000e+00,0.000000000000000000e+00,0.000000000000000000e+00,0.000000000000000000e+00,0.000000000000000000e+00
1.838011732948805627e-02,1.581647135185210162e-02,3.343114311613729073e-02,2.711404235149037292e-02,6.057655305177771232e-02,6.493473028251531276e-02,2.135576649553367623e-01,2.851595411555855192e-02,4.679496208997332291e-02,1.513462774589459901e-02,5.638566799282596076e-02,1.771755163717492199e-02,2.643777520945519988e-02,2.283959889089801076e-02,2.247086365605824657e-02,2.401625969193163165e-02,6.433826492472922987e-02,0.000000000000000000e+00,2.596766240142311249e-02,1.421525743873524594e-01,1.818629696742700766e-02,3.287935342652575921e-02,2.235186442417429198e-02,0.000000000000000000e+00,0.000000000000000000e+00,0.000000000000000000e+00,0.000000000000000000e+00,0.000000000000000000e+00,0.000000000000000000e+00,0.000000000000000000e+00,0.000000000000000000e+00,0.000000000000000000e+00,0.000000000000000000e+00,0.000000000000000000e+00,0.000000000000000000e+00,0.000000000000000000e+00,0.000000000000000000e+00,0.000000000000000000e+00,0.000000000000000000e+00,0.000000000000000000e+00,0.000000000000000000e+00,0.000000000000000000e+00,0.000000000000000000e+00,0.000000000000000000e+00,0.000000000000000000e+00,0.000000000000000000e+00
2.839736317173471858e-02,2.070182895593235609e-02,6.896549275249330702e-02,2.242029236980598583e-02,9.077118994440575017e-02,6.871188668769510899e-02,7.804663549195947625e-02,3.168393549344229038e-02,3.548370618149212369e-02,1.448843633226545510e-02,5.328848415059842664e-02,2.689436539998821957e-02,3.803437630008104503e-02,7.695502039548773876e-02,2.281714251271855717e-02,3.774732030027313362e-02,6.523482531355130620e-02,2.000693768781386384e-02,0.000000000000000000e+00,1.049450638273085462e-01,3.281373095095719422e-02,3.337414516586782731e-02,2.821782061412758322e-02,0.000000000000000000e+00,0.000000000000000000e+00,0.000000000000000000e+00,0.000000000000000000e+00,0.000000000000000000e+00,0.000000000000000000e+00,0.000000000000000000e+00,0.000000000000000000e+00,0.000000000000000000e+00,0.000000000000000000e+00,0.000000000000000000e+00,0.000000000000000000e+00,0.000000000000000000e+00,0.000000000000000000e+00,0.000000000000000000e+00,0.000000000000000000e+00,0.000000000000000000e+00,0.000000000000000000e+00,0.000000000000000000e+00,0.000000000000000000e+00,0.000000000000000000e+00,0.000000000000000000e+00,0.000000000000000000e+00
2.322783016076098578e-02,1.936446578143287758e-02,4.729773032900419505e-02,2.842941912887612249e-02,7.667915755310947268e-02,7.457833767517028922e-02,1.709146251442275888e-01,3.336606812192056959e-02,4.898894050249339577e-02,1.705765147732567558e-02,6.329981649940269461e-02,2.230526236106555871e-02,4.272865628605689720e-02,3.254989502918715499e-02,2.560064750391459129e-02,3.632138476269360094e-02,7.280809656328465773e-02,3.792255044210580961e-02,3.633766872888389426e-02,0.000000000000000000e+00,2.354046643417666979e-02,3.916146035492128891e-02,2.751986915998604760e-02,0.000000000000000000e+00,0.000000000000000000e+00,0.000000000000000000e+00,0.000000000000000000e+00,0.000000000000000000e+00,0.000000000000000000e+00,0.000000000000000000e+00,0.000000000000000000e+00,0.000000000000000000e+00,0.000000000000000000e+00,0.000000000000000000e+00,0.000000000000000000e+00,0.000000000000000000e+00,0.000000000000000000e+00,0.000000000000000000e+00,0.000000000000000000e+00,0.000000000000000000e+00,0.000000000000000000e+00,0.000000000000000000e+00,0.000000000000000000e+00,0.000000000000000000e+00,0.000000000000000000e+00,0.000000000000000000e+00
4.770152616140881097e-02,2.607785870446808346e-02,4.664949181666018518e-02,2.294182627919657755e-02,1.212080830856668151e-01,7.773026589737042080e-02,7.006418914337622650e-02,3.630408568186287155e-02,3.449776442855178454e-02,1.517853267975585382e-02,5.549718069896299177e-02,4.525364116084817229e-02,2.735688366334024929e-02,3.425305067121070524e-02,2.484296566543090640e-02,2.695684270151621487e-02,7.216024292535995477e-02,1.833205756298749919e-02,4.293137354526792987e-02,8.894861477267212990e-02,0.000000000000000000e+00,3.333033599435809152e-02,3.178318675972752194e-02,0.000000000000000000e+00,0.000000000000000000e+00,0.000000000000000000e+00,0.000000000000000000e+00,0.000000000000000000e+00,0.000000000000000000e+00,0.000000000000000000e+00,0.000000000000000000e+00,0.000000000000000000e+00,0.000000000000000000e+00,0.000000000000000000e+00,0.000000000000000000e+00,0.000000000000000000e+00,0.000000000000000000e+00,0.000000000000000000e+00,0.000000000000000000e+00,0.000000000000000000e+00,0.000000000000000000e+00,0.000000000000000000e+00,0.000000000000000000e+00,0.000000000000000000e+00,0.000000000000000000e+00,0.000000000000000000e+00
2.381567957061489493e-02,2.286305238779030163e-02,3.370973167727693565e-02,3.206681665677269671e-02,8.549253003832685271e-02,8.262937786741920976e-02,8.228254255769991421e-02,4.083538397794245212e-02,5.809680353452962437e-02,2.520414617913942570e-02,9.357770373375809414e-02,2.251327595245183194e-02,2.466205816499294351e-02,2.566453393351909168e-02,3.315824778930127892e-02,2.251327595245183194e-02,8.119639355821842153e-02,2.199998241764541257e-02,2.898420900243291881e-02,9.822343892324056358e-02,2.212441637179086637e-02,0.000000000000000000e+00,3.838639975268455518e-02,0.000000000000000000e+00,0.000000000000000000e+00,0.000000000000000000e+00,0.000000000000000000e+00,0.000000000000000000e+00,0.000000000000000000e+00,0.000000000000000000e+00,0.000000000000000000e+00,0.000000000000000000e+00,0.000000000000000000e+00,0.000000000000000000e+00,0.000000000000000000e+00,0.000000000000000000e+00,0.000000000000000000e+00,0.000000000000000000e+00,0.000000000000000000e+00,0.000000000000000000e+00,0.000000000000000000e+00,0.000000000000000000e+00,0.000000000000000000e+00,0.000000000000000000e+00,0.000000000000000000e+00,0.000000000000000000e+00
3.019726256491526289e-02,3.459405916178701079e-02,3.364897439759732128e-02,2.633511873300364847e-02,1.222225481519951529e-01,8.673433856235153450e-02,6.878491060920903510e-02,4.683452851488360130e-02,4.021856794007389047e-02,2.014840560534073705e-02,7.304581921501564212e-02,2.795723264070778397e-02,2.301033708481401915e-02,2.591276413794579153e-02,3.225380160573478039e-02,2.155318826530788073e-02,8.163231864691908313e-02,1.824550546756849301e-02,2.989632802423402083e-02,8.420651641077803173e-02,2.573787284278697754e-02,4.682960141703030460e-02,0.000000000000000000e+00,0.000000000000000000e+00,0.000000000000000000e+00,0.000000000000000000e+00,0.000000000000000000e+00,0.000000000000000000e+00,0.000000000000000000e+00,0.000000000000000000e+00,0.000000000000000000e+00,0.000000000000000000e+00,0.000000000000000000e+00,0.000000000000000000e+00,0.000000000000000000e+00,0.000000000000000000e+00,0.000000000000000000e+00,0.000000000000000000e+00,0.000000000000000000e+00,0.000000000000000000e+00,0.000000000000000000e+00,0.000000000000000000e+00,0.000000000000000000e+00,0.000000000000000000e+00,0.000000000000000000e+00,0.000000000000000000e+00
0.000000000000000000e+00,0.000000000000000000e+00,0.000000000000000000e+00,0.000000000000000000e+00,0.000000000000000000e+00,0.000000000000000000e+00,0.000000000000000000e+00,0.000000000000000000e+00,0.000000000000000000e+00,0.000000000000000000e+00,0.000000000000000000e+00,0.000000000000000000e+00,0.000000000000000000e+00,0.000000000000000000e+00,0.000000000000000000e+00,0.000000000000000000e+00,0.000000000000000000e+00,0.000000000000000000e+00,0.000000000000000000e+00,0.000000000000000000e+00,0.000000000000000000e+00,0.000000000000000000e+00,0.000000000000000000e+00,0.000000000000000000e+00,9.578611182830182313e-02,9.227059871138712510e-02,1.836016156774555874e-02,8.210913868671634863e-02,1.439813813569532953e-02,3.511803439102512830e-02,9.556768330157365543e-02,7.770155680958916455e-02,3.634932671598972709e-02,4.126139467925653281e-02,7.856464570385669755e-02,6.275894645117259529e-02,1.728482223270704637e-02,2.080658029455057303e-02,2.342345178960138913e-02,2.339098683735395257e-02,1.734872197829304477e-02,3.478960200457933277e-02,2.739452576108365386e-02,5.360012398171833808e-02,1.679782782497788590e-02,3.491762031282519968e-02
0.000000000000000000e+00,0.000000000000000000e+00,0.000000000000000000e+00,0.000000000000000000e+00,0.000000000000000000e+00,0.000000000000000000e+00,0.000000000000000000e+00,0.000000000000000000e+00,0.000000000000000000e+00,0.000000000000000000e+00,0.000000000000000000e+00,0.000000000000000000e+00,0.000000000000000000e+00,0.000000000000000000e+00,0.000000000000000000e+00,0.000000000000000000e+00,0.000000000000000000e+00,0.000000000000000000e+00,0.000000000000000000e+00,0.000000000000000000e+00,0.000000000000000000e+00,0.000000000000000000e+00,0.000000000000000000e+00,9.920371970126479200e-02,0.000000000000000000e+00,8.228462287986955392e-02,2.064765774532789297e-02,7.507209015657662077e-02,1.722640463161057359e-02,3.577929944698821779e-02,1.286942359000677050e-01,8.530973073879920265e-02,4.349834000428193237e-02,4.906082189694533496e-02,3.578128184438825188e-02,5.930264468489922919e-02,1.542891470150473815e-02,2.584237276031620123e-02,2.173871003787234552e-02,2.759886856286986739e-02,1.784029887161648481e-02,3.030773487449446926e-02,2.729191335052207762e-02,3.501698634180715197e-02,1.927070828567133826e-02,4.780264258230605690e-02
0.000000000000000000e+00,0.000000000000000000e+00,0.000000000000000000e+00,0.000000000000000000e+00,0.000000000000000000e+00,0.000000000000000000e+00,0.000000000000000000e+00,0.000000000000000000e+00,0.000000000000000000e+00,0.000000000000000000e+00,0.000000000000000000e+00,0.000000000000000000e+00,0.000000000000000000e+00,0.000000000000000000e+00,0.000000000000000000e+00,0.000000000000000000e+00,0.000000000000000000e+00,0.000000000000000000e+00,0.000000000000000000e+00,0.000000000000000000e+00,0.000000000000000000e+00,0.000000000000000000e+00,0.000000000000000000e+00,7.378721150173928045e-02,6.353470689116673398e-02,0.000000000000000000e+00,1.974323330663314488e-02,4.720296611788298013e-02,1.324117488953088957e-02,4.822496395877477748e-02,8.198795999057126305e-02,8.821977697859373357e-02,3.622477247267134881e-02,4.150285280586255010e-02,2.733861775541647499e-02,1.222710344203389726e-01,2.918965610769542682e-02,1.961087494315912408e-02,5.601198039419107155e-02,2.231158947516995866e-02,2.305039968285320026e-02,6.171792465350136453e-02,4.074773481201435232e-02,3.829027300496443131e-02,1.736814628220199538e-02,2.842214955506679880e-02
0.000000000000000000e+00,0.000000000000000000e+00,0.000000000000000000e+00,0.000000000000000000e+00,0.000000000000000000e+00,0.000000000000000000e+00,0.000000000000000000e+00,0.000000000000000000e+00,0.000000000000000000e+00,0.000000000000000000e+00,0.000000000000000000e+00,0.000000000000000000e+00,0.000000000000000000e+00,0.000000000000000000e+00,0.000000000000000000e+00,0.000000000000000000e+00,0.000000000000000000e+00,0.000000000000000000e+00,0.000000000000000000e+00,0.000000000000000000e+00,0.000000000000000000e+00,0.000000000000000000e+00,0.000000000000000000e+00,5.542957779064333623e-02,6.018807489769825714e-02,7.453591547170111686e-02,0.000000000000000000e+00,3.801021863167110965e-02,1.730048093870517611e-02,4.525994661872660002e-02,1.018323985051806380e-01,1.400357208954218780e-01,6.306265472172548070e-02,7.431736338753217042e-02,2.061634485443329320e-02,5.847123326466362181e-02,1.327839197802168150e-02,3.053380393661960998e-02,2.101310371692998238e-02,3.243592960354991367e-02,2.377361301122789955e-02,2.551493271529069531e-02,3.114618378482580247e-02,2.394656460750533775e-02,2.101008003122227519e-02,2.828746663670412415e-02
0.000000000000000000e+00,0.000000000000000000e+00,0.000000000000000000e+00,0.000000000000000000e+00,0.000000000000000000e+00,0.000000000000000000e+00,0.000000000000000000e+00,0.000000000000000000e+00,0.000000000000000000e+00,0.000000000000000000e+00,0.000000000000000000e+00,0.000000000000000000e+00,0.000000000000000000e+00,0.000000000000000000e+00,0.000000000000000000e+00,0.000000000000000000e+00,0.000000000000000000e+00,0.000000000000000000e+00,0.000000000000000000e+00,0.000000000000000000e+00,0.000000000000000000e+00,0.000000000000000000e+00,0.000000000000000000e+00,1.202426942939693877e-01,1.061500732585322349e-01,8.644079100939691673e-02,1.843751973674926173e-02,0.000000000000000000e+00,1.401501503133078218e-02,3.480455747477117362e-02,9.677480493857136545e-02,7.948392173398886873e-02,3.780355810713136727e-02,4.281657816467813321e-02,3.890120463061175204e-02,6.125483992827274876e-02,1.694998055746074761e-02,2.126635410917628727e-02,2.245962096528441448e-02,2.297096239803501222e-02,1.717577521556808498e-02,3.340504460748659754e-02,2.716596019348414826e-02,4.091265706162647287e-02,1.811385551119478951e-02,4.245423107267948942e-02
0.000000000000000000e+00,0.000000000000000000e+00,0.000000000000000000e+00,0.000000000000000000e+00,0.000000000000000000e+00,0.000000000000000000e+00,0.000000000000000000e+00,0.000000000000000000e+00,0.000000000000000000e+00,0.000000000000000000e+00,0.000000000000000000e+00,0.000000000000000000e+00,0.000000000000000000e+00,0.000000000000000000e+00,0.000000000000000000e+00,0.000000000000000000e+00,0.000000000000000000e+00,0.000000000000000000e+00,0.000000000000000000e+00,0.000000000000000000e+00,0.000000000000000000e+00,0.000000000000000000e+00,0.000000000000000000e+00,6.261087537276747994e-02,7.232903520788903917e-02,7.200326699597954516e-02,2.491934049518144262e-02,4.161690750679350459e-02,0.000000000000000000e+00,3.559020126152897395e-02,1.539630612982491598e-01,8.783578817679213446e-02,4.774781123864384885e-02,5.363605621664681994e-02,2.367060244013872994e-02,5.309304652750725800e-02,1.272810072637665935e-02,3.356404178364495727e-02,1.950170772818736117e-02,6.371261754015433709e-02,1.809000446898072906e-02,2.484538572655466473e-02,2.596033358990763526e-02,2.577900191576622257e-02,1.720152912919182056e-02,2.960128465311758286e-02
0.000000000000000000e+00,0.000000000000000000e+00,0.000000000000000000e+00,0.000000000000000000e+00,0.000000000000000000e+00,0.000000000000000000e+00,0.000000000000000000e+00,0.000000000000000000e+00,0.000000000000000000e+00,0.000000000000000000e+00,0.000000000000000000e+00,0.000000000000000000e+00,0.000000000000000000e+00,0.000000000000000000e+00,0.000000000000000000e+00,0.000000000000000000e+00,0.000000000000000000e+00,0.000000000000000000e+00,0.000000000000000000e+00,0.000000000000000000e+00,0.000000000000000000e+00,0.000000000000000000e+00,0.000000000000000000e+00,5.620907332985948524e-02,5.529459056973574926e-02,9.652290359835771771e-02,2.399524514284859938e-02,3.804040565003524027e-02,1.309975670327061595e-02,0.000000000000000000e+00,7.955544342977055594e-02,1.192436993899006342e-01,4.014903220740972251e-02,4.658979172553628922e-02,2.082158907666500913e-02,8.603582539804893736e-02,1.667824755885244370e-02,2.049385066107034872e-02,2.964809264727403387e-02,2.285030355222939999e-02,6.618140415234533003e-02,3.139259638043047362e-02,6.618140415234533003e-02,2.584825480132684275e-02,1.905458330350264656e-02,2.611390656918461881e-02
0.000000000000000000e+00,0.000000000000000000e+00,0.000000000000000000e+00,0.000000000000000000e+00,0.000000000000000000e+00,0.000000000000000000e+00,0.000000000000000000e+00,0.000000000000000000e+00,0.000000000000000000e+00,0.000000000000000000e+00,0.000000000000000000e+00,0.000000000000000000e+00,0.000000000000000000e+00,0.000000000000000000e+00,0.000000000000000000e+00,0.000000000000000000e+00,0.000000000000000000e+00,0.000000000000000000e+00,0.000000000000000000e+00,0.000000000000000000e+00,0.000000000000000000e+00,0.000000000000000000e+00,0.000000000000000000e+00,7.519854723105255656e-02,9.777595714111902980e-02,8.067346546460615886e-02,2.654112292155695607e-02,5.199882071857563764e-02,2.785938275648896720e-02,3.911038285644761331e-02,0.000000000000000000e+00,9.957016105465242573e-02,5.820247559094823137e-02,6.442155956901704505e-02,2.803917870303302209e-02,5.974916795868860653e-02,1.464548637084372475e-02,4.281881693772175007e-02,2.180116835185491944e-02,4.340548541979428326e-02,1.978258501725972673e-02,2.852899618065950563e-02,2.892251816578943896e-02,2.998230027807457718e-02,2.116911569088689160e-02,3.980330562092888186e-02
0.000000000000000000e+00,0.000000000000000000e+00,0.000000000000000000e+00,0.000000000000000000e+00,0.000000000000000000e+00,0.000000000000000000e+00,0.000000000000000000e+00,0.000000000000000000e+00,0.000000000000000000e+00,0.000000000000000000e+00,0.000000000000000000e+00,0.000000000000000000e+00,0.000000000000000000e+00,0.000000000000000000e+00,0.000000000000000000e+00,0.000000000000000000e+00,0.000000000000000000e+00,0.000000000000000000e+00,0.000000000000000000e+00,0.000000000000000000e+00,0.000000000000000000e+00,0.000000000000000000e+00,0.000000000000000000e+00,6.243459935771366459e-02,6.618640129426389684e-02,8.864286918824243466e-02,3.727085609464934890e-02,4.361216971098731687e-02,1.623019253139571655e-02,5.986249643697287570e-02,1.016778668146397224e-01,0.000000000000000000e+00,6.280103538551277953e-02,7.454171218929869780e-02,2.300530272668998427e-02,7.271085576777235049e-02,1.619954058235472186e-02,2.833374697860106817e-02,2.554633066186931534e-02,2.904401441123808519e-02,3.120056878500539546e-02,3.070751147460691610e-02,4.081289437433093664e-02,2.738222129564872945e-02,2.894586877655037915e-02,3.285094516165581319e-02
0.000000000000000000e+00,0.000000000000000000e+00,0.000000000000000000e+00,0.000000000000000000e+00,0.000000000000000000e+00,0.000000000000000000e+00,0.000000000000000000e+00,0.000000000000000000e+00,0.000000000000000000e+00,0.000000000000000000e+00,0.000000000000000000e+00,0.000000000000000000e+00,0.000000000000000000e+00,0.000000000000000000e+00,0.000000000000000000e+00,0.000000000000000000e+00,0.000000000000000000e+00,0.000000000000000000e+00,0.000000000000000000e+00,0.000000000000000000e+00,0.000000000000000000e+00,0.000000000000000000e+00,0.000000000000000000e+00,5.070430629904403019e-02,5.858625614280369570e-02,6.318825776890893420e-02,2.913772576516913265e-02,3.600923953966181368e-02,1.531646358716582702e-02,3.499027290274785845e-02,1.031790534664451947e-01,1.090233868430384861e-01,0.000000000000000000e+00,2.018720857691266857e-01,1.871939237544480855e-02,4.913617643591515483e-02,1.160241581470248910e-02,3.506560188746744161e-02,1.759357339959236738e-02,2.781788206203179500e-02,1.788310238736931165e-02,2.222004187926621827e-02,2.518409175885889806e-02,2.135085257923583293e-02,2.225430564962543878e-02,2.916551568637859582e-02
0.000000000000000000e+00,0.000000000000000000e+00,0.000000000000000000e+00,0.000000000000000000e+00,0.000000000000000000e+00,0.000000000000000000e+00,0.000000000000000000e+00,0.000000000000000000e+00,0.000000000000000000e+00,0.000000000000000000e+00,0.000000000000000000e+00,0.000000000000000000e+00,0.000000000000000000e+00,0.000000000000000000e+00,0.000000000000000000e+00,0.000000000000000000e+00,0.000000000000000000e+00,0.000000000000000000e+00,0.000000000000000000e+00,0.000000000000000000e+00,0.000000000000000000e+00,0.000000000000000000e+00,0.000000000000000000e+00,5.170036331813111785e-02,5.935524461006352892e-02,6.502942022707335068e-02,3.084429961313659568e-02,3.663485232460880064e-02,1.545478931356917239e-02,3.647239098164603566e-02,1.025846860408028971e-01,1.162394233314416186e-01,1.813332675454904508e-01,0.000000000000000000e+00,1.909723691633316914e-02,5.076874893472588246e-02,1.195098954862611369e-02,3.400413881401229826e-02,1.816240989553775248e-02,2.807406735546705626e-02,1.865355376122763975e-02,2.288118205628428617e-02,2.616563272835636944e-02,2.185637265086829914e-02,2.313322470985244850e-02,2.960370532274530717e-02
0.000000000000000000e+00,0.000000000000000000e+00,0.000000000000000000e+00,0.000000000000000000e+00,0.000000000000000000e+00,0.000000000000000000e+00,0.000000000000000000e+00,0.000000000000000000e+00,0.000000000000000000e+00,0.000000000000000000e+00,0.000000000000000000e+00,0.000000000000000000e+00,0.000000000000000000e+00,0.000000000000000000e+00,0.000000000000000000e+00,0.000000000000000000e+00,0.000000000000000000e+00,0.000000000000000000e+00,0.000000000000000000e+00,0.000000000000000000e+00,0.000000000000000000e+00,0.000000000000000000e+00,0.000000000000000000e+00,1.897871509838624515e-01,8.345841507598592002e-02,8.258448088785494412e-02,1.649628868835155762e-02,6.417051098918975793e-02,1.314938742766951114e-02,3.142514538262516921e-02,8.608084990758989308e-02,6.916270869023612156e-02,3.241775406943898236e-02,3.681802551651774946e-02,0.000000000000000000e+00,5.581371539554435407e-02,1.516226445783477178e-02,1.867180339359038668e-02,2.090913872632484474e-02,2.126658579369809093e-02,1.553778891516630067e-02,3.061251760924459109e-02,2.444155218084037226e-02,4.724472778730239020e-02,1.475350281182780977e-02,3.003568530930390487e-02
0.000000000000000000e+00,0.000000000000000000e+00,0.000000000000000000e+00,0.000000000000000000e+00,0.000000000000000000e+00,0.000000000000000000e+00,0.000000000000000000e+00,0.000000000000000000e+00,0.000000000000000000e+00,0.000000000000000000e+00,0.000000000000000000e+00,0.000000000000000000e+00,0.000000000000000000e+00,0.000000000000000000e+00,0.000000000000000000e+00,0.000000000000000000e+00,0.000000000000000000e+00,0.000000000000000000e+00,0.000000000000000000e+00,0.000000000000000000e+00,0.000000000000000000e+00,0.000000000000000000e+00,0.000000000000000000e+00,6.336169032902021214e-02,5.780957280139444737e-02,1.543678789951203056e-01,1.955367048682271972e-02,4.223031462436116490e-02,1.232665714413224214e-02,5.426929928083580601e-02,7.666278281067238909e-02,9.135971948592416791e-02,3.556345894918695044e-02,4.090702348864465321e-02,2.332665110534063238e-02,0.000000000000000000e+00,2.578643217998735290e-02,1.878870339296669426e-02,6.409958469769105882e-02,2.101216654464778053e-02,2.519388970646610840e-02,4.704341643175478926e-02,5.087746807578356206e-02,3.103496457479891502e-02,1.756186259913570039e-02,2.686279229531249660e-02
0.000000000000000000e+00,0.000000000000000000e+00,0.000000000000000000e+00,0.000000000000000000e+00,0.000000000000000000e+00,0.000000000000000000e+00,0.000000000000000000e+00,0.000000000000000000e+00,0.000000000000000000e+00,0.000000000000000000e+00,0.000000000000000000e+00,0.000000000000000000e+00,0.000000000000000000e+00,0.000000000000000000e+00,0.000000000000000000e+00,0.000000000000000000e+00,0.000000000000000000e+00,0.000000000000000000e+00,0.000000000000000000e+00,0.000000000000000000e+00,0.000000000000000000e+00,0.000000000000000000e+00,0.000000000000000000e+00,6.630565599869277238e-02,5.714728795755127239e-02,1.400221937845154419e-01,1.687198076870577088e-02,4.440047953681539733e-02,1.122808837860704567e-02,3.997236541394585951e-02,7.139882512880856014e-02,7.733796638503338816e-02,3.190697340412004118e-02,3.658809801323540528e-02,2.407742706669940488e-02,9.797737635067520212e-02,0.000000000000000000e+00,1.706932058683863912e-02,3.561933370970491591e-02,1.892883272130926539e-02,1.908408058095389936e-02,8.345876686867015337e-02,3.398351509474958898e-02,3.407189889835668395e-02,1.602459603406261590e-02,2.652493731794883236e-02
0.000000000000000000e+00,0.000000000000000000e+00,0.000000000000000000e+00,0.000000000000000000e+00,0.000000000000000000e+00,0.000000000000000000e+00,0.000000000000000000e+00,0.000000000000000000e+00,0.000000000000000000e+00,0.000000000000000000e+00,0.000000000000000000e+00,0.000000000000000000e+00,0.000000000000000000e+00,0.000000000000000000e+00,0.000000000000000000e+00,0.000000000000000000e+00,0.000000000000000000e+00,0.000000000000000000e+00,0.000000000000000000e+00,0.000000000000000000e+00,0.000000000000000000e+00,0.000000000000000000e+00,0.000000000000000000e+00,5.765875360610651229e-02,6.914670949336684802e-02,6.795849523783607793e-02,2.802724332697542620e-02,4.024300308365875989e-02,2.138924014660044740e-02,3.548230991145016194e-02,1.507998171236631657e-01,9.771763462091961894e-02,6.966222903219310147e-02,7.520498556125330969e-02,2.141959027204244290e-02,5.157155702446612061e-02,1.233090976648552189e-02,0.000000000000000000e+00,1.866958738988610741e-02,3.950839746223756832e-02,1.808506836924651459e-02,2.383493007145870771e-02,2.574466689296796632e-02,2.380225708821513339e-02,1.994173322602448006e-02,3.180088129294587201e-02
0.000000000000000000e+00,0.000000000000000000e+00,0.000000000000000000e+00,0.000000000000000000e+00,0.000000000000000000e+00,0.000000000000000000e+00,0.000000000000000000e+00,0.000000000000000000e+00,0.000000000000000000e+00,0.000000000000000000e+00,0.000000000000000000e+00,0.000000000000000000e+00,0.000000000000000000e+00,0.000000000000000000e+00,0.000000000000000000e+00,0.000000000000000000e+00,0.000000000000000000e+00,0.000000000000000000e+00,0.000000000000000000e+00,0.000000000000000000e+00,0.000000000000000000e+00,0.000000000000000000e+00,0.000000000000000000e+00,5.678770268337993143e-02,5.088757583022437969e-02,1.698112947346960278e-01,1.687440766627916824e-02,3.718250328331363513e-02,1.087257990929277676e-02,4.490802318089954365e-02,6.717145893607355533e-02,7.707904498696004081e-02,3.057799375258919705e-02,3.514205757724974538e-02,2.098456151428112690e-02,1.539244144868025244e-01,2.251145351493313851e-02,1.633328654656920551e-02,0.000000000000000000e+00,1.845937251504482443e-02,2.113754940741111379e-02,4.312088125304702063e-02,3.994363635418141101e-02,2.824441613129118414e-02,1.480672118340941451e-02,2.323906455207101762e-02
0.000000000000000000e+00,0.000000000000000000e+00,0.000000000000000000e+00,0.000000000000000000e+00,0.000000000000000000e+00,0.000000000000000000e+00,0.000000000000000000e+00,0.000000000000000000e+00,0.000000000000000000e+00,0.000000000000000000e+00,0.000000000000000000e+00,0.000000000000000000e+00,0.000000000000000000e+00,0.000000000000000000e+00,0.000000000000000000e+00,0.000000000000000000e+00,0.000000000000000000e+00,0.000000000000000000e+00,0.000000000000000000e+00,0.000000000000000000e+00,0.000000000000000000e+00,0.000000000000000000e+00,0.000000000000000000e+00,6.178693764210242689e-02,7.039049064912943077e-02,7.369887815190076519e-02,2.837980476287653431e-02,4.143431034042672351e-02,3.870170819340482127e-02,3.771063750031373313e-02,1.457116752648324187e-01,9.547928560272499199e-02,5.267732504102322355e-02,5.918392616388096217e-02,2.325445944025730793e-02,5.497533067984221311e-02,1.303425762541035940e-02,3.765936536579324312e-02,2.011229615869759499e-02,0.000000000000000000e+00,1.928028069990751076e-02,2.537322954454256096e-02,2.726211980154471734e-02,2.574283106277805780e-02,1.818242006079090131e-02,2.996843024781948098e-02
0.000000000000000000e+00,0.000000000000000000e+00,0.000000000000000000e+00,0.000000000000000000e+00,0.000000000000000000e+00,0.000000000000000000e+00,0.000000000000000000e+00,0.000000000000000000e+00,0.000000000000000000e+00,0.000000000000000000e+00,0.000000000000000000e+00,0.000000000000000000e+00,0.000000000000000000e+00,0.000000000000000000e+00,0.000000000000000000e+00,0.000000000000000000e+00,0.000000000000000000e+00,0.000000000000000000e+00,0.000000000000000000e+00,0.000000000000000000e+00,0.000000000000000000e+00,0.000000000000000000e+00,0.000000000000000000e+00,5.293625675949968634e-02,5.256085903348472338e-02,8.795214618816206420e-02,2.402790232471142470e-02,3.578779047469742014e-02,1.269348794992675861e-02,1.261669174400628091e-01,7.671325125385387855e-02,1.184820727430347664e-01,3.911831409771693302e-02,4.542528203591552488e-02,1.962615877468330133e-02,7.614297730256311403e-02,1.517998434644842777e-02,1.991321360645426780e-02,2.660338942649942071e-02,2.227157687611433512e-02,0.000000000000000000e+00,2.876500521823607825e-02,5.248861039585134974e-02,2.417447912322333997e-02,1.821062593671139013e-02,2.475969869214885571e-02
0.000000000000000000e+00,0.000000000000000000e+00,0.000000000000000000e+00,0.000000000000000000e+00,0.000000000000000000e+00,0.000000000000000000e+00,0.000000000000000000e+00,0.000000000000000000e+00,0.000000000000000000e+00,0.000000000000000000e+00,0.000000000000000000e+00,0.000000000000000000e+00,0.000000000000000000e+00,0.000000000000000000e+00,0.000000000000000000e+00,0.000000000000000000e+00,0.000000000000000000e+00,0.000000000000000000e+00,0.000000000000000000e+00,0.000000000000000000e+00,0.000000000000000000e+00,0.000000000000000000e+00,0.000000000000000000e+00,7.112626992845344498e-02,5.982857249379218423e-02,1.577880567107150245e-01,1.727865481817172574e-02,4.663644382551403872e-02,1.168107673461770205e-02,4.009881917511936428e-02,7.412567681611084702e-02,7.813211616724261011e-02,3.256694134450519029e-02,3.733441393321348251e-02,2.590836287030311505e-02,9.526389119017211748e-02,4.448021502151704165e-02,1.758449546114045428e-02,3.636342621125627367e-02,1.963849468173664223e-02,1.927344236721242193e-02,0.000000000000000000e+00,3.369918760115978018e-02,3.793285482495607069e-02,1.607529031794620658e-02,2.718329750514422369e-02
0.000000000000000000e+00,0.000000000000000000e+00,0.000000000000000000e+00,0.000000000000000000e+00,0.000000000000000000e+00,0.000000000000000000e+00,0.000000000000000000e+00,0.000000000000000000e+00,0.000000000000000000e+00,0.000000000000000000e+00,0.000000000000000000e+00,0.000000000000000000e+00,0.000000000000000000e+00,0.000000000000000000e+00,0.000000000000000000e+00,0.000000000000000000e+00,0.000000000000000000e+00,0.000000000000000000e+00,0.000000000000000000e+00,0.000000000000000000e+00,0.000000000000000000e+00,0.000000000000000000e+00,0.000000000000000000e+00,5.698952333272287729e-02,5.482009827330176777e-02,1.060027053894134624e-01,2.146204039348823325e-02,3.859127216735696447e-02,1.241932713418631394e-02,8.601832658052208092e-02,7.646610136173115357e-02,1.056654542186429291e-01,3.755857068860440906e-02,4.344229771446616456e-02,2.104846214103189839e-02,1.048348355200112852e-01,1.842951377462333229e-02,1.932653383939150760e-02,3.427483970876222391e-02,2.147052844618056386e-02,3.578578697488608157e-02,3.429020614742202960e-02,0.000000000000000000e+00,2.665688169013741976e-02,1.847744497071911532e-02,2.596924953239805600e-02
0.000000000000000000e+00,0.000000000000000000e+00,0.000000000000000000e+00,0.000000000000000000e+00,0.000000000000000000e+00,0.000000000000000000e+00,0.000000000000000000e+00,0.000000000000000000e+00,0.000000000000000000e+00,0.000000000000000000e+00,0.000000000000000000e+00,0.000000000000000000e+00,0.000000000000000000e+00,0.000000000000000000e+00,0.000000000000000000e+00,0.000000000000000000e+00,0.000000000000000000e+00,0.000000000000000000e+00,0.000000000000000000e+00,0.000000000000000000e+00,0.000000000000000000e+00,0.000000000000000000e+00,0.000000000000000000e+00,1.197598263177400285e-01,7.554378107037809653e-02,1.069833188421272507e-01,1.772243977985128380e-02,6.242173653120253879e-02,1.324548978737577314e-02,3.608281101095437565e-02,8.513574099565995867e-02,7.614097440370637404e-02,3.419889791082576791e-02,3.897389030527521891e-02,4.369774884810397053e-02,6.868240703725711493e-02,1.984522571598379068e-02,1.919105992698375701e-02,2.603002348301252863e-02,2.177476836175161121e-02,1.770177220456393627e-02,4.145532449460231916e-02,2.863013987395813392e-02,0.000000000000000000e+00,1.609219295887793708e-02,3.069043013980813500e-02
0.000000000000000000e+00,0.000000000000000000e+00,0.000000000000000000e+00,0.000000000000000000e+00,0.000000000000000000e+00,0.000000000000000000e+00,0.000000000000000000e+00,0.000000000000000000e+00,0.000000000000000000e+00,0.000000000000000000e+00,0.000000000000000000e+00,0.000000000000000000e+00,0.000000000000000000e+00,0.000000000000000000e+00,0.000000000000000000e+00,0.000000000000000000e+00,0.000000000000000000e+00,0.000000000000000000e+00,0.000000000000000000e+00,0.000000000000000000e+00,0.000000000000000000e+00,0.000000000000000000e+00,0.000000000000000000e+00,6.045625388906189501e-02,6.696692738480702900e-02,7.816706693944959483e-02,2.504671316955987131e-02,4.451760628293605082e-02,1.423677832493848612e-02,4.284610400347794307e-02,9.682609824623063244e-02,1.296519603135155296e-01,5.741874312427050486e-02,6.644687983765310002e-02,2.198080539626605726e-02,6.260479132786425649e-02,1.503451902344171177e-02,2.589920697377406239e-02,2.198080539626605726e-02,2.477374529826392377e-02,2.147965197356692044e-02,2.829869180268263645e-02,3.196677227078013883e-02,2.592137146818042359e-02,0.000000000000000000e+00,3.747850755301312259e-02
0.000000000000000000e+00,0.000000000000000000e+00,0.000000000000000000e+00,0.000000000000000000e+00,0.000000000000000000e+00,0.000000000000000000e+00,0.000000000000000000e+00,0.000000000000000000e+00,0.000000000000000000e+00,0.000000000000000000e+00,0.000000000000000000e+00,0.000000000000000000e+00,0.000000000000000000e+00,0.000000000000000000e+00,0.000000000000000000e+00,0.000000000000000000e+00,0.000000000000000000e+00,0.000000000000000000e+00,0.000000000000000000e+00,0.000000000000000000e+00,0.000000000000000000e+00,0.000000000000000000e+00,0.000000000000000000e+00,7.750749248436587802e-02,1.024532034493285670e-01,7.889295248428701557e-02,2.079830924954511467e-02,6.435063332489442123e-02,1.511005927213440909e-02,3.621551528605235909e-02,1.122844969408779564e-01,9.075097695016086374e-02,4.641092604004892763e-02,5.244395422300882764e-02,2.759922862499842450e-02,5.906076833388465563e-02,1.534856423609287125e-02,2.547262258699662871e-02,2.127719070684121194e-02,2.518343212022401342e-02,1.801186416587093053e-02,2.951349308398118487e-02,2.770940562445344327e-02,3.048994638510397689e-02,2.311496442684838129e-02,0.000000000000000000e+00
