0.000000000000000000e+00,1.886608807545436806e-02,3.437340856161607422e-02,2.930007270812102355e-02,4.739845400680206544e-02,3.719616496810079775e-02,3.379545961730853754e-02,3.394943472221497588e-02,4.475148501852994204e-02,8.372815678096229286e-02,9.259148131259006820e-02,2.583728192208376018e-01,3.376340902219332474e-02,1.923128132056212830e-02,3.998697803368534559e-02,1.034319063381206466e-01,1.626162400355155718e-02,4.551652308584792223e-02,4.954072660304334984e-03,2.253118054319705812e-02,0.000000000000000000e+00,0.000000000000000000e+00,0.000000000000000000e+00,0.000000000000000000e+00,0.000000000000000000e+00,0.000000000000000000e+00,0.000000000000000000e+00,0.000000000000000000e+00,0.000000000000000000e+00,0.000000000000000000e+00,0.000000000000000000e+00,0.000000000000000000e+00,0.000000000000000000e+00,0.000000000000000000e+00,0.000000000000000000e+00,0.000000000000000000e+00,0.000000000000000000e+00,0.000000000000000000e+00,0.000000000000000000e+00,0.000000000000000000e+00
9.465596907711122665e-02,0.000000000000000000e+00,3.574031501478147632e-02,7.368851370586122773e-02,3.514256695434498506e-02,3.904616553895720599e-02,3.352272815527811839e-02,2.249017440098069823e-02,3.048860016664023051e-02,1.133872254706414645e-01,1.989004954605348985e-01,8.820355651234454419e-02,2.221792284739117912e-02,2.251911308899789965e-02,3.121679905335307537e-02,7.451495278596242944e-02,1.493421412076751699e-02,4.630305637465530894e-02,5.370927232769067208e-03,1.765670403862752355e-02,0.000000000000000000e+00,0.000000000000000000e+00,0.000000000000000000e+00,0.000000000000000000e+00,0.000000000000000000e+00,0.000000000000000000e+00,0.000000000000000000e+00,0.000000000000000000e+00,0.000000000000000000e+00,0.000000000000000000e+00,0.000000000000000000e+00,0.000000000000000000e+00,0.000000000000000000e+00,0.000000000000000000e+00,0.000000000000000000e+00,0.000000000000000000e+00,0.000000000000000000e+00,0.000000000000000000e+00,0.000000000000000000e+00,0.000000000000000000e+00
8.685493434287336334e-02,1.799965262573009414e-02,0.000000000000000000e+00,3.062665447217248135e-02,4.387750475789207322e-02,1.145188662338520041e-01,7.633659068448496454e-02,2.676007085176478756e-02,3.595075593031233502e-02,1.248372450150968815e-01,9.558683202065459961e-02,8.490497596220668297e-02,2.620250823265865905e-02,3.807545089594702170e-02,4.300146536943799669e-02,5.611429970561745972e-02,2.436067406066511065e-02,3.883125451601714823e-02,1.062435876072630354e-02,2.453590556188996533e-02,0.000000000000000000e+00,0.000000000000000000e+00,0.000000000000000000e+00,0.000000000000000000e+00,0.000000000000000000e+00,0.000000000000000000e+00,0.000000000000000000e+00,0.000000000000000000e+00,0.000000000000000000e+00,0.000000000000000000e+00,0.000000000000000000e+00,0.000000000000000000e+00,0.000000000000000000e+00,0.000000000000000000e+00,0.000000000000000000e+00,0.000000000000000000e+00,0.000000000000000000e+00,0.000000000000000000e+00,0.000000000000000000e+00,0.000000000000000000e+00
9.164734569367044559e-02,4.593934954295410267e-02,3.791218858381471130e-02,0.000000000000000000e+00,3.538537386519660655e-02,4.137946777683418342e-02,3.516070255328746647e-02,2.257795853698910810e-02,3.052663525909288939e-02,1.296855783929464490e-01,2.117699377251914816e-01,8.615027760974459936e-02,2.226691356555985865e-02,2.447221250056489175e-02,3.178683908930806518e-02,6.930251595320187363e-02,1.541419428832764386e-02,4.495832512750797677e-02,5.716209433777438322e-03,1.794797450203013123e-02,0.000000000000000000e+00,0.000000000000000000e+00,0.000000000000000000e+00,0.000000000000000000e+00,0.000000000000000000e+00,0.000000000000000000e+00,0.000000000000000000e+00,0.000000000000000000e+00,0.000000000000000000e+00,0.000000000000000000e+00,0.000000000000000000e+00,0.000000000000000000e+00,0.000000000000000000e+00,0.000000000000000000e+00,0.000000000000000000e+00,0.000000000000000000e+00,0.000000000000000000e+00,0.000000000000000000e+00,0.000000000000000000e+00,0.000000000000000000e+00
1.123489660044032085e-01,1.660245208975925230e-02,4.115995857529083923e-02,2.681498130027072310e-02,0.000000000000000000e+00,4.512842990570890139e-02,4.391525487257544325e-02,4.202937530150058221e-02,9.344050554639028727e-02,8.682693910902673784e-02,8.599926245002550984e-02,1.120415811164623132e-01,3.919930504221886408e-02,2.162596992576896332e-02,5.455017191420429706e-02,6.430650758732475714e-02,2.419170637469363408e-02,4.372126199613120962e-02,5.932185198089659668e-03,4.016518569015482126e-02,0.000000000000000000e+00,0.000000000000000000e+00,0.000000000000000000e+00,0.000000000000000000e+00,0.000000000000000000e+00,0.000000000000000000e+00,0.000000000000000000e+00,0.000000000000000000e+00,0.000000000000000000e+00,0.000000000000000000e+00,0.000000000000000000e+00,0.000000000000000000e+00,0.000000000000000000e+00,0.000000000000000000e+00,0.000000000000000000e+00,0.000000000000000000e+00,0.000000000000000000e+00,0.000000000000000000e+00,0.000000000000000000e+00,0.000000000000000000e+00
8.521559238538087278e-02,1.782925288258357249e-02,1.038307630721608810e-01,3.030781372500147841e-02,4.361804768292128903e-02,0.000000000000000000e+00,8.882522591441824322e-02,2.587027750940804754e-02,3.554403193599806748e-02,1.242409398106270046e-01,9.587747743828903269e-02,8.288627801057753264e-02,2.528953574974184687e-02,4.104271281266628352e-02,4.084680375703390182e-02,5.538072399651355199e-02,2.571703272946472205e-02,3.954974767419871390e-02,1.423953663133006690e-02,2.388820628168481994e-02,0.000000000000000000e+00,0.000000000000000000e+00,0.000000000000000000e+00,0.000000000000000000e+00,0.000000000000000000e+00,0.000000000000000000e+00,0.000000000000000000e+00,0.000000000000000000e+00,0.000000000000000000e+00,0.000000000000000000e+00,0.000000000000000000e+00,0.000000000000000000e+00,0.000000000000000000e+00,0.000000000000000000e+00,0.000000000000000000e+00,0.000000000000000000e+00,0.000000000000000000e+00,0.000000000000000000e+00,0.000000000000000000e+00,0.000000000000000000e+00
8.872535710465281888e-02,1.754133349910773354e-02,7.931407475666536755e-02,2.951180344127471780e-02,4.864070972374173046e-02,1.017899303716656711e-01,0.000000000000000000e+00,2.788288194585180832e-02,3.889286099025301285e-02,1.130364564528413551e-01,9.388741585396619127e-02,8.669092470178016430e-02,2.712710759128353702e-02,3.360214323961986660e-02,4.461261111336289192e-02,5.673567597619016967e-02,3.317945794521865582e-02,4.072129554179206717e-02,1.118479299163566837e-02,2.692316675909668666e-02,0.000000000000000000e+00,0.000000000000000000e+00,0.000000000000000000e+00,0.000000000000000000e+00,0.000000000000000000e+00,0.000000000000000000e+00,0.000000000000000000e+00,0.000000000000000000e+00,0.000000000000000000e+00,0.000000000000000000e+00,0.000000000000000000e+00,0.000000000000000000e+00,0.000000000000000000e+00,0.000000000000000000e+00,0.000000000000000000e+00,0.000000000000000000e+00,0.000000000000000000e+00,0.000000000000000000e+00,0.000000000000000000e+00,0.000000000000000000e+00
1.147670001662022266e-01,1.515343733219623977e-02,3.580138643328147768e-02,2.440158071002763995e-02,5.994217735373730954e-02,3.817373618070250829e-02,3.590316572802853406e-02,0.000000000000000000e+00,5.790120274674491474e-02,7.707901482567945661e-02,7.661141535531439117e-02,1.220664532952742687e-01,1.106953910011055642e-01,1.863664274172495416e-02,6.065530829789700373e-02,6.091152517729422206e-02,1.781786343898366515e-02,3.625913964305783888e-02,4.943947461570358942e-03,3.227961211117736512e-02,0.000000000000000000e+00,0.000000000000000000e+00,0.000000000000000000e+00,0.000000000000000000e+00,0.000000000000000000e+00,0.000000000000000000e+00,0.000000000000000000e+00,0.000000000000000000e+00,0.000000000000000000e+00,0.000000000000000000e+00,0.000000000000000000e+00,0.000000000000000000e+00,0.000000000000000000e+00,0.000000000000000000e+00,0.000000000000000000e+00,0.000000000000000000e+00,0.000000000000000000e+00,0.000000000000000000e+00,0.000000000000000000e+00,0.000000000000000000e+00
1.194118769912855260e-01,1.621479304291190138e-02,3.796437057663200332e-02,2.604160923619585136e-02,1.051890056531652462e-01,4.139861974918062487e-02,3.952943128498501157e-02,4.570283872760007304e-02,0.000000000000000000e+00,8.235635067459870506e-02,8.328749216117541099e-02,1.202160064607602774e-01,4.207287329852913565e-02,2.018813690656589763e-02,5.170685949401788301e-02,6.545696519731968033e-02,2.084833490799252453e-02,4.256673876563825398e-02,5.452805563107277625e-03,3.439489130833874725e-02,0.000000000000000000e+00,0.000000000000000000e+00,0.000000000000000000e+00,0.000000000000000000e+00,0.000000000000000000e+00,0.000000000000000000e+00,0.000000000000000000e+00,0.000000000000000000e+00,0.000000000000000000e+00,0.000000000000000000e+00,0.000000000000000000e+00,0.000000000000000000e+00,0.000000000000000000e+00,0.000000000000000000e+00,0.000000000000000000e+00,0.000000000000000000e+00,0.000000000000000000e+00,0.000000000000000000e+00,0.000000000000000000e+00,0.000000000000000000e+00
1.009851573667347041e-01,2.725737291534827827e-02,5.958792954155010813e-02,5.000650541396054610e-02,4.418100634794643045e-02,6.540784515939439270e-02,5.192962084439237125e-02,2.750031627227947362e-02,3.722571401793255130e-02,0.000000000000000000e+00,1.522587372882737433e-01,9.672107927277839856e-02,2.705601699233738111e-02,4.659250812808791303e-02,4.067886597742748772e-02,7.008332265420304241e-02,2.117735383838088500e-02,4.905588386954579105e-02,9.225795997830165893e-03,2.306896810159646261e-02,0.000000000000000000e+00,0.000000000000000000e+00,0.000000000000000000e+00,0.000000000000000000e+00,0.000000000000000000e+00,0.000000000000000000e+00,0.000000000000000000e+00,0.000000000000000000e+00,0.000000000000000000e+00,0.000000000000000000e+00,0.000000000000000000e+00,0.000000000000000000e+00,0.000000000000000000e+00,0.000000000000000000e+00,0.000000000000000000e+00,0.000000000000000000e+00,0.000000000000000000e+00,0.000000000000000000e+00,0.000000000000000000e+00,0.000000000000000000e+00
1.079677280401724337e-01,4.622667397388388610e-02,4.411122336665205396e-02,7.894707538074235975e-02,4.230705098690460547e-02,4.879986576413194999e-02,4.170046688747277436e-02,2.642603060788374300e-02,3.639675307705094592e-02,1.472038396658781612e-01,0.000000000000000000e+00,1.006504566595650269e-01,2.599278764082846652e-02,2.890276189324630582e-02,3.700778275715826959e-02,8.208526029698906545e-02,1.850830494844001028e-02,5.875307724866766362e-02,6.842364970811255255e-03,2.117049583352104483e-02,0.000000000000000000e+00,0.000000000000000000e+00,0.000000000000000000e+00,0.000000000000000000e+00,0.000000000000000000e+00,0.000000000000000000e+00,0.000000000000000000e+00,0.000000000000000000e+00,0.000000000000000000e+00,0.000000000000000000e+00,0.000000000000000000e+00,0.000000000000000000e+00,0.000000000000000000e+00,0.000000000000000000e+00,0.000000000000000000e+00,0.000000000000000000e+00,0.000000000000000000e+00,0.000000000000000000e+00,0.000000000000000000e+00,0.000000000000000000e+00
2.666471856681184027e-01,1.814304295100160197e-02,3.467779120640803597e-02,2.842468549932514882e-02,4.878255085063010199e-02,3.733807435531851654e-02,3.407802497999589536e-02,3.726507707268252034e-02,4.649565856740530551e-02,8.276091780856145719e-02,8.908057249264265953e-02,0.000000000000000000e+00,3.726507707268252034e-02,1.914415224228844387e-02,4.229299468427634434e-02,8.988674795182800825e-02,1.641099982466582771e-02,4.288136852010158290e-02,4.948102623000437059e-03,2.347697562906717397e-02,0.000000000000000000e+00,0.000000000000000000e+00,0.000000000000000000e+00,0.000000000000000000e+00,0.000000000000000000e+00,0.000000000000000000e+00,0.000000000000000000e+00,0.000000000000000000e+00,0.000000000000000000e+00,0.000000000000000000e+00,0.000000000000000000e+00,0.000000000000000000e+00,0.000000000000000000e+00,0.000000000000000000e+00,0.000000000000000000e+00,0.000000000000000000e+00,0.000000000000000000e+00,0.000000000000000000e+00,0.000000000000000000e+00,0.000000000000000000e+00
1.165784149867076791e-01,1.529005903171121866e-02,3.580492976963719348e-02,2.457993252220541311e-02,5.710121123614926575e-02,3.811463902317953345e-02,3.567680440732617919e-02,1.130620647637163301e-01,5.444198546245008347e-02,7.745504370917950798e-02,7.696650828231860197e-02,1.246762410172038288e-01,0.000000000000000000e+00,1.866879429923082659e-02,6.029976787398205057e-02,6.160326433163629267e-02,1.757728301647351957e-02,3.619256209768708515e-02,4.934433047692663409e-03,3.097606112151281635e-02,0.000000000000000000e+00,0.000000000000000000e+00,0.000000000000000000e+00,0.000000000000000000e+00,0.000000000000000000e+00,0.000000000000000000e+00,0.000000000000000000e+00,0.000000000000000000e+00,0.000000000000000000e+00,0.000000000000000000e+00,0.000000000000000000e+00,0.000000000000000000e+00,0.000000000000000000e+00,0.000000000000000000e+00,0.000000000000000000e+00,0.000000000000000000e+00,0.000000000000000000e+00,0.000000000000000000e+00,0.000000000000000000e+00,0.000000000000000000e+00
8.364926933341325366e-02,1.952266330337214598e-02,6.554311679829082082e-02,3.403109886621767666e-02,3.968483896786095116e-02,7.792361419180963977e-02,5.567131899100082049e-02,2.397933463342034888e-02,3.290865241559232796e-02,1.680289078522882451e-01,1.078128050416458095e-01,8.068631659221488228e-02,2.351788947829856757e-02,0.000000000000000000e+00,3.638535089685583646e-02,5.623652453733728879e-02,2.081325927201475509e-02,4.064693383268810217e-02,1.195834902033627092e-02,2.099975597534222208e-02,0.000000000000000000e+00,0.000000000000000000e+00,0.000000000000000000e+00,0.000000000000000000e+00,0.000000000000000000e+00,0.000000000000000000e+00,0.000000000000000000e+00,0.000000000000000000e+00,0.000000000000000000e+00,0.000000000000000000e+00,0.000000000000000000e+00,0.000000000000000000e+00,0.000000000000000000e+00,0.000000000000000000e+00,0.000000000000000000e+00,0.000000000000000000e+00,0.000000000000000000e+00,0.000000000000000000e+00,0.000000000000000000e+00,0.000000000000000000e+00
1.093881575780170368e-01,1.702056387515687996e-02,4.655465178798025294e-02,2.780019700948815550e-02,6.295684326732246816e-02,4.877405909441594190e-02,4.648576338888370935e-02,4.908356012347837860e-02,5.301024493335665388e-02,9.226448138007595223e-02,8.682041532315018517e-02,1.121062901432152287e-01,4.777442926432733106e-02,2.288360065060671480e-02,0.000000000000000000e+00,6.310743444447219908e-02,2.260364438795601019e-02,3.940220475009251211e-02,6.148207728385647955e-03,4.581525086961871912e-02,0.000000000000000000e+00,0.000000000000000000e+00,0.000000000000000000e+00,0.000000000000000000e+00,0.000000000000000000e+00,0.000000000000000000e+00,0.000000000000000000e+00,0.000000000000000000e+00,0.000000000000000000e+00,0.000000000000000000e+00,0.000000000000000000e+00,0.000000000000000000e+00,0.000000000000000000e+00,0.000000000000000000e+00,0.000000000000000000e+00,0.000000000000000000e+00,0.000000000000000000e+00,0.000000000000000000e+00,0.000000000000000000e+00,0.000000000000000000e+00
1.702113146937393739e-01,2.444056149345725376e-02,3.654563801076080726e-02,3.646126273563570636e-02,4.464614012116425307e-02,3.978062698589431012e-02,3.556319178568220080e-02,2.965165158867581405e-02,4.036915784729264156e-02,9.562304399582111092e-02,1.158446938657564512e-01,1.433307538109653834e-01,2.936065679918713894e-02,2.127641433671742174e-02,3.796318998454151217e-02,0.000000000000000000e+00,1.675497490946521728e-02,5.527774595112218414e-02,5.379796216824227033e-03,2.151918486729690813e-02,0.000000000000000000e+00,0.000000000000000000e+00,0.000000000000000000e+00,0.000000000000000000e+00,0.000000000000000000e+00,0.000000000000000000e+00,0.000000000000000000e+00,0.000000000000000000e+00,0.000000000000000000e+00,0.000000000000000000e+00,0.000000000000000000e+00,0.000000000000000000e+00,0.000000000000000000e+00,0.000000000000000000e+00,0.000000000000000000e+00,0.000000000000000000e+00,0.000000000000000000e+00,0.000000000000000000e+00,0.000000000000000000e+00,0.000000000000000000e+00
9.399948808950288337e-02,1.720591600835714996e-02,5.572870845201026435e-02,2.848598286493312162e-02,5.899608228290539186e-02,6.488757272552274358e-02,7.305357288493648238e-02,3.046721215615173436e-02,4.516404949527887125e-02,1.014956081880619837e-01,9.174983443971737596e-02,9.191924189638019105e-02,2.942669327226086345e-02,2.765971727624079793e-02,4.776263914732328808e-02,5.885338654452172691e-02,0.000000000000000000e+00,4.321007540125811758e-02,8.428011754700771505e-03,3.150620711993622203e-02,0.000000000000000000e+00,0.000000000000000000e+00,0.000000000000000000e+00,0.000000000000000000e+00,0.000000000000000000e+00,0.000000000000000000e+00,0.000000000000000000e+00,0.000000000000000000e+00,0.000000000000000000e+00,0.000000000000000000e+00,0.000000000000000000e+00,0.000000000000000000e+00,0.000000000000000000e+00,0.000000000000000000e+00,0.000000000000000000e+00,0.000000000000000000e+00,0.000000000000000000e+00,0.000000000000000000e+00,0.000000000000000000e+00,0.000000000000000000e+00
1.193761194165001566e-01,2.420426436101576206e-02,4.030490506541706958e-02,3.769704497183374442e-02,4.837669147510063189e-02,4.527632744592628017e-02,4.067996448424502504e-02,2.813075508660846380e-02,4.183874817979898325e-02,1.066727438957586205e-01,1.321466216971048935e-01,1.089749890530793131e-01,2.749133621403225536e-02,2.450881067018661694e-02,3.777610503488695870e-02,8.809774779806993361e-02,1.960522487911738401e-02,0.000000000000000000e+00,6.336996202031161020e-03,2.250460406928677173e-02,0.000000000000000000e+00,0.000000000000000000e+00,0.000000000000000000e+00,0.000000000000000000e+00,0.000000000000000000e+00,0.000000000000000000e+00,0.000000000000000000e+00,0.000000000000000000e+00,0.000000000000000000e+00,0.000000000000000000e+00,0.000000000000000000e+00,0.000000000000000000e+00,0.000000000000000000e+00,0.000000000000000000e+00,0.000000000000000000e+00,0.000000000000000000e+00,0.000000000000000000e+00,0.000000000000000000e+00,0.000000000000000000e+00,0.000000000000000000e+00
8.022854435537361828e-02,1.733603042409987902e-02,6.809220088976833396e-02,2.959534994564676572e-02,4.052997522023344540e-02,1.006564235956379366e-01,6.899300996337401348e-02,2.368404649107319973e-02,3.309378787681891559e-02,1.238752008863375775e-01,9.502761855855865192e-02,7.764527966668495484e-02,2.314365490438064291e-02,4.452293998349041160e-02,3.639681234869954901e-02,5.294177143708871103e-02,2.361185458551580754e-02,3.912925777929639887e-02,0.000000000000000000e+00,2.149624108792130839e-02,0.000000000000000000e+00,0.000000000000000000e+00,0.000000000000000000e+00,0.000000000000000000e+00,0.000000000000000000e+00,0.000000000000000000e+00,0.000000000000000000e+00,0.000000000000000000e+00,0.000000000000000000e+00,0.000000000000000000e+00,0.000000000000000000e+00,0.000000000000000000e+00,0.000000000000000000e+00,0.000000000000000000e+00,0.000000000000000000e+00,0.000000000000000000e+00,0.000000000000000000e+00,0.000000000000000000e+00,0.000000000000000000e+00,0.000000000000000000e+00
1.021463369427031004e-01,1.595446840859394283e-02,4.402192652871027290e-02,2.601375825414836002e-02,7.682166671628518073e-02,4.727172907174977817e-02,4.649171767733142197e-02,4.328951042439529995e-02,5.843764654396058772e-02,8.671235913982455745e-02,8.230892862459127102e-02,1.031313774474096195e-01,4.067178056249809437e-02,2.188765157552434448e-02,7.592716685983050273e-02,5.928308137033538178e-02,2.471003723879181338e-02,3.890109703057411522e-02,6.017759582742361439e-03,0.000000000000000000e+00,0.000000000000000000e+00,0.000000000000000000e+00,0.000000000000000000e+00,0.000000000000000000e+00,0.000000000000000000e+00,0.000000000000000000e+00,0.000000000000000000e+00,0.000000000000000000e+00,0.000000000000000000e+00,0.000000000000000000e+00,0.000000000000000000e+00,0.000000000000000000e+00,0.000000000000000000e+00,0.000000000000000000e+00,0.000000000000000000e+00,0.000000000000000000e+00,0.000000000000000000e+00,0.000000000000000000e+00,0.000000000000000000e+00,0.000000000000000000e+00
0.000000000000000000e+00,0.000000000000000000e+00,0.000000000000000000e+00,0.000000000000000000e+00,0.000000000000000000e+00,0.000000000000000000e+00,0.000000000000000000e+00,0.000000000000000000e+00,0.000000000000000000e+00,0.000000000000000000e+00,0.000000000000000000e+00,0.000000000000000000e+00,0.000000000000000000e+00,0.000000000000000000e+00,0.000000000000000000e+00,0.000000000000000000e+00,0.000000000000000000e+00,0.000000000000000000e+00,0.000000000000000000e+00,0.000000000000000000e+00,0.000000000000000000e+00,3.857757204993248618e-02,3.162919562538978741e-02,4.313742606524831324e-02,4.153750673520770903e-02,7.986205803312516893e-02,2.961655946145289389e-02,4.998251181406158927e-02,1.098099593772134952e-01,5.438378151970173907e-02,4.543968450388434499e-02,9.906064000958761384e-02,1.656954432519112605e-02,4.129053912389151620e-02,9.811894357647299447e-02,3.806975375876547191e-02,3.990232436975283542e-02,1.023799229581868198e-01,6.078083412813339685e-03,3.455399328012073723e-02
0.000000000000000000e+00,0.000000000000000000e+00,0.000000000000000000e+00,0.000000000000000000e+00,0.000000000000000000e+00,0.000000000000000000e+00,0.000000000000000000e+00,0.000000000000000000e+00,0.000000000000000000e+00,0.000000000000000000e+00,0.000000000000000000e+00,0.000000000000000000e+00,0.000000000000000000e+00,0.000000000000000000e+00,0.000000000000000000e+00,0.000000000000000000e+00,0.000000000000000000e+00,0.000000000000000000e+00,0.000000000000000000e+00,0.000000000000000000e+00,3.008108490031578819e-02,0.000000000000000000e+00,3.407415699630646916e-02,1.124052312935484299e-01,3.190883335501606272e-02,8.686041909904466951e-02,3.043804818532248532e-02,3.430674779878750691e-02,7.751271718383437315e-02,7.630679222933553496e-02,1.011349669587399830e-01,3.503818483169517800e-02,1.129715080829743305e-02,5.009504963291661755e-02,7.936405420983255743e-02,2.841647253250178737e-02,3.796801129533268482e-02,1.079087282702674844e-01,6.827390587517087953e-03,2.805595983138776950e-02
0.000000000000000000e+00,0.000000000000000000e+00,0.000000000000000000e+00,0.000000000000000000e+00,0.000000000000000000e+00,0.000000000000000000e+00,0.000000000000000000e+00,0.000000000000000000e+00,0.000000000000000000e+00,0.000000000000000000e+00,0.000000000000000000e+00,0.000000000000000000e+00,0.000000000000000000e+00,0.000000000000000000e+00,0.000000000000000000e+00,0.000000000000000000e+00,0.000000000000000000e+00,0.000000000000000000e+00,0.000000000000000000e+00,0.000000000000000000e+00,2.283809183302358548e-02,3.155282024670044705e-02,0.000000000000000000e+00,3.865503891972623535e-02,3.296394616893390944e-02,2.107853379217870526e-01,5.734955257661268624e-02,3.377488002189304311e-02,7.562464208763369777e-02,6.951252652865595738e-02,4.021456446626638093e-02,2.790669944051142257e-02,1.102371983907194167e-02,7.008231086778063390e-02,9.045624615268753332e-02,1.770598581902473045e-02,5.124418692119824675e-02,7.487695352192240417e-02,1.117449839230072982e-02,3.225799827426933247e-02
0.000000000000000000e+00,0.000000000000000000e+00,0.000000000000000000e+00,0.000000000000000000e+00,0.000000000000000000e+00,0.000000000000000000e+00,0.000000000000000000e+00,0.000000000000000000e+00,0.000000000000000000e+00,0.000000000000000000e+00,0.000000000000000000e+00,0.000000000000000000e+00,0.000000000000000000e+00,0.000000000000000000e+00,0.000000000000000000e+00,0.000000000000000000e+00,0.000000000000000000e+00,0.000000000000000000e+00,0.000000000000000000e+00,0.000000000000000000e+00,2.876022015708008805e-02,9.610940696850360510e-02,3.569212666404220774e-02,0.000000000000000000e+00,3.172693062898035432e-02,9.089819415563513139e-02,3.152548776294145094e-02,3.400934152397585425e-02,7.663748417905617838e-02,8.618220025376102655e-02,1.063301940372208682e-01,3.379395404057160962e-02,1.118027074791153215e-02,5.375806028466267178e-02,7.980124101896972355e-02,2.609771970373121405e-02,3.869751975212320366e-02,1.034627135608007370e-01,7.175306192889397382e-03,2.816162836714301149e-02
0.000000000000000000e+00,0.000000000000000000e+00,0.000000000000000000e+00,0.000000000000000000e+00,0.000000000000000000e+00,0.000000000000000000e+00,0.000000000000000000e+00,0.000000000000000000e+00,0.000000000000000000e+00,0.000000000000000000e+00,0.000000000000000000e+00,0.000000000000000000e+00,0.000000000000000000e+00,0.000000000000000000e+00,0.000000000000000000e+00,0.000000000000000000e+00,0.000000000000000000e+00,0.000000000000000000e+00,0.000000000000000000e+00,0.000000000000000000e+00,2.961414413273896762e-02,2.917501463690991975e-02,3.254814857036929243e-02,3.392726428240216280e-02,0.000000000000000000e+00,8.326804532955338345e-02,3.307329535500121154e-02,5.317705455434645206e-02,1.970403963649007828e-01,4.846611144340569333e-02,3.626977114722337164e-02,3.691640041343191569e-02,1.653211646829717135e-02,3.990283393056152234e-02,1.150313499792866151e-01,2.034071787672139808e-02,5.101367319172295939e-02,8.451313679230004761e-02,6.254675720698406674e-03,5.293584981012873503e-02
0.000000000000000000e+00,0.000000000000000000e+00,0.000000000000000000e+00,0.000000000000000000e+00,0.000000000000000000e+00,0.000000000000000000e+00,0.000000000000000000e+00,0.000000000000000000e+00,0.000000000000000000e+00,0.000000000000000000e+00,0.000000000000000000e+00,0.000000000000000000e+00,0.000000000000000000e+00,0.000000000000000000e+00,0.000000000000000000e+00,0.000000000000000000e+00,0.000000000000000000e+00,0.000000000000000000e+00,0.000000000000000000e+00,0.000000000000000000e+00,2.535230082223931258e-02,3.536227505336069638e-02,9.267137619968025819e-02,4.328068829539410967e-02,3.707630879620594372e-02,0.000000000000000000e+00,7.550341383539790896e-02,3.694372108656542725e-02,8.459700529935373914e-02,7.827383623975743554e-02,4.563887114180229659e-02,3.082413962248678127e-02,1.203813339854874036e-02,8.547368161888165006e-02,9.721793183501509228e-02,1.977143480733068587e-02,6.120813637618881253e-02,8.628661959264904979e-02,1.694549113097326351e-02,3.553463484816878765e-02
0.000000000000000000e+00,0.000000000000000000e+00,0.000000000000000000e+00,0.000000000000000000e+00,0.000000000000000000e+00,0.000000000000000000e+00,0.000000000000000000e+00,0.000000000000000000e+00,0.000000000000000000e+00,0.000000000000000000e+00,0.000000000000000000e+00,0.000000000000000000e+00,0.000000000000000000e+00,0.000000000000000000e+00,0.000000000000000000e+00,0.000000000000000000e+00,0.000000000000000000e+00,0.000000000000000000e+00,0.000000000000000000e+00,0.000000000000000000e+00,2.318574232734095866e-02,3.055938398824342012e-02,6.217914788679048538e-02,3.701776858567872031e-02,3.631659375067592538e-02,1.861984692867646451e-01,0.000000000000000000e+00,3.497455089206024520e-02,8.130797172036929865e-02,6.255259958019122879e-02,3.925550941117934151e-02,2.831762964734501481e-02,1.134218486750181512e-02,6.146646935631894237e-02,9.326546904549397332e-02,1.779142477702087138e-02,6.936374336110444350e-02,7.803622670568544084e-02,1.169125655849805739e-02,3.517785825173713743e-02
0.000000000000000000e+00,0.000000000000000000e+00,0.000000000000000000e+00,0.000000000000000000e+00,0.000000000000000000e+00,0.000000000000000000e+00,0.000000000000000000e+00,0.000000000000000000e+00,0.000000000000000000e+00,0.000000000000000000e+00,0.000000000000000000e+00,0.000000000000000000e+00,0.000000000000000000e+00,0.000000000000000000e+00,0.000000000000000000e+00,0.000000000000000000e+00,0.000000000000000000e+00,0.000000000000000000e+00,0.000000000000000000e+00,0.000000000000000000e+00,3.437680268173018416e-02,3.025995999805303205e-02,3.217136969774337524e-02,3.508388260637169964e-02,5.129947509098738145e-02,8.004075179150878239e-02,3.072650406213108323e-02,0.000000000000000000e+00,1.387477737661299282e-01,4.889204309610515470e-02,3.671655448027719842e-02,4.570406097695093456e-02,5.305153723577229335e-02,3.907636624448372620e-02,1.453473951178776979e-01,2.189420456086535460e-02,4.269667585734020915e-02,7.964662407747596928e-02,5.923553150613612532e-03,4.834446550758232652e-02
0.000000000000000000e+00,0.000000000000000000e+00,0.000000000000000000e+00,0.000000000000000000e+00,0.000000000000000000e+00,0.000000000000000000e+00,0.000000000000000000e+00,0.000000000000000000e+00,0.000000000000000000e+00,0.000000000000000000e+00,0.000000000000000000e+00,0.000000000000000000e+00,0.000000000000000000e+00,0.000000000000000000e+00,0.000000000000000000e+00,0.000000000000000000e+00,0.000000000000000000e+00,0.000000000000000000e+00,0.000000000000000000e+00,0.000000000000000000e+00,3.707815293187106953e-02,3.356531423573565209e-02,3.536454095697655342e-02,3.881321533557652997e-02,9.331960071141336133e-02,8.998175684302847643e-02,3.506897627711390991e-02,6.811691646597316241e-02,0.000000000000000000e+00,5.415284028487639401e-02,4.137807996287595769e-02,4.665980035570668066e-02,2.090223478269175039e-02,4.387982104829316748e-02,1.284424894576192411e-01,2.438976852749247248e-02,5.178833258938398548e-02,9.692646429502560501e-02,6.772524263776667428e-03,5.339917067456934757e-02
0.000000000000000000e+00,0.000000000000000000e+00,0.000000000000000000e+00,0.000000000000000000e+00,0.000000000000000000e+00,0.000000000000000000e+00,0.000000000000000000e+00,0.000000000000000000e+00,0.000000000000000000e+00,0.000000000000000000e+00,0.000000000000000000e+00,0.000000000000000000e+00,0.000000000000000000e+00,0.000000000000000000e+00,0.000000000000000000e+00,0.000000000000000000e+00,0.000000000000000000e+00,0.000000000000000000e+00,0.000000000000000000e+00,0.000000000000000000e+00,2.737724244556408518e-02,4.926345786458161125e-02,4.846315745086678811e-02,6.507286060354292023e-02,3.422155305695510907e-02,1.241252216687008803e-01,4.022344491110798476e-02,3.578582891416753897e-02,8.073561893275890688e-02,0.000000000000000000e+00,6.604415102403364546e-02,3.277655481625924710e-02,1.173588921184602792e-02,8.841913971338062617e-02,8.822486039054240614e-02,2.279964500597203222e-02,4.592972397187818773e-02,9.752695988255069559e-02,1.000451394529834268e-02,3.127017618999289317e-02
0.000000000000000000e+00,0.000000000000000000e+00,0.000000000000000000e+00,0.000000000000000000e+00,0.000000000000000000e+00,0.000000000000000000e+00,0.000000000000000000e+00,0.000000000000000000e+00,0.000000000000000000e+00,0.000000000000000000e+00,0.000000000000000000e+00,0.000000000000000000e+00,0.000000000000000000e+00,0.000000000000000000e+00,0.000000000000000000e+00,0.000000000000000000e+00,0.000000000000000000e+00,0.000000000000000000e+00,0.000000000000000000e+00,0.000000000000000000e+00,2.906092302025687149e-02,8.295008383355102766e-02,3.561933431008179607e-02,1.019982510089542521e-01,3.253569970164878200e-02,9.194584508528756694e-02,3.206921391163193580e-02,3.414197283577560110e-02,7.837328865276627088e-02,8.390506131505721943e-02,0.000000000000000000e+00,3.386422991888132783e-02,1.119407681422644220e-02,5.445688888608869044e-02,7.968902155325550962e-02,2.651318286183772938e-02,3.985401453604176664e-02,1.159704882642084572e-01,7.366847309013003706e-03,2.849157618143584314e-02
0.000000000000000000e+00,0.000000000000000000e+00,0.000000000000000000e+00,0.000000000000000000e+00,0.000000000000000000e+00,0.000000000000000000e+00,0.000000000000000000e+00,0.000000000000000000e+00,0.000000000000000000e+00,0.000000000000000000e+00,0.000000000000000000e+00,0.000000000000000000e+00,0.000000000000000000e+00,0.000000000000000000e+00,0.000000000000000000e+00,0.000000000000000000e+00,0.000000000000000000e+00,0.000000000000000000e+00,0.000000000000000000e+00,0.000000000000000000e+00,8.287200470449125611e-02,3.759150471991307141e-02,3.233281538822278811e-02,4.240408984517532454e-02,4.331789078688361855e-02,8.123081239782224683e-02,3.026057757488273894e-02,5.559223078527743972e-02,1.156040983783655079e-01,5.446903963478893357e-02,4.429694979418921652e-02,0.000000000000000000e+00,1.853074359509248106e-02,4.164904232901794900e-02,1.051548395880612663e-01,3.352337650429269150e-02,4.080335447808842303e-02,9.773292653390394658e-02,6.151337135985776236e-03,3.648236582554534313e-02
0.000000000000000000e+00,0.000000000000000000e+00,0.000000000000000000e+00,0.000000000000000000e+00,0.000000000000000000e+00,0.000000000000000000e+00,0.000000000000000000e+00,0.000000000000000000e+00,0.000000000000000000e+00,0.000000000000000000e+00,0.000000000000000000e+00,0.000000000000000000e+00,0.000000000000000000e+00,0.000000000000000000e+00,0.000000000000000000e+00,0.000000000000000000e+00,0.000000000000000000e+00,0.000000000000000000e+00,0.000000000000000000e+00,0.000000000000000000e+00,3.181123522279783594e-02,2.781507848793959153e-02,2.931071870811303298e-02,3.219469464827552641e-02,4.451841185540037632e-02,7.280349653712897551e-02,2.781507848793959153e-02,1.480882279917993261e-01,1.188464815370569583e-01,4.475748444745085430e-02,3.360347212852977244e-02,4.252615321353361150e-02,0.000000000000000000e+00,3.565961887478066167e-02,1.316339804371549627e-01,2.017192564200826627e-02,3.837108848518715198e-02,7.242410566714076181e-02,5.385916780192847100e-03,4.226283084756991132e-02
0.000000000000000000e+00,0.000000000000000000e+00,0.000000000000000000e+00,0.000000000000000000e+00,0.000000000000000000e+00,0.000000000000000000e+00,0.000000000000000000e+00,0.000000000000000000e+00,0.000000000000000000e+00,0.000000000000000000e+00,0.000000000000000000e+00,0.000000000000000000e+00,0.000000000000000000e+00,0.000000000000000000e+00,0.000000000000000000e+00,0.000000000000000000e+00,0.000000000000000000e+00,0.000000000000000000e+00,0.000000000000000000e+00,0.000000000000000000e+00,2.451005085634506281e-02,3.813553696523984404e-02,5.761431530046054461e-02,4.786292885358884447e-02,3.322298411926151440e-02,1.598266468290588382e-01,4.660639667038203593e-02,3.372565758242758449e-02,7.714044612679110680e-02,1.042604618814065437e-01,5.054432356611961857e-02,2.955234604626116868e-02,1.102555317918121891e-02,0.000000000000000000e+00,8.529009833697800969e-02,1.977341947937836034e-02,4.878790189643478215e-02,8.733961580823998427e-02,1.401565106220427001e-02,3.076566544024059505e-02
0.000000000000000000e+00,0.000000000000000000e+00,0.000000000000000000e+00,0.000000000000000000e+00,0.000000000000000000e+00,0.000000000000000000e+00,0.000000000000000000e+00,0.000000000000000000e+00,0.000000000000000000e+00,0.000000000000000000e+00,0.000000000000000000e+00,0.000000000000000000e+00,0.000000000000000000e+00,0.000000000000000000e+00,0.000000000000000000e+00,0.000000000000000000e+00,0.000000000000000000e+00,0.000000000000000000e+00,0.000000000000000000e+00,0.000000000000000000e+00,3.294835736557257672e-02,3.417796060920361145e-02,4.206760598503093973e-02,4.019319880393403682e-02,5.417992003386517402e-02,1.028372371704271981e-01,4.000510210508227693e-02,7.096443558923318240e-02,1.277359840606197283e-01,5.885069343931359498e-02,4.184131275679456308e-02,4.220884363022586044e-02,2.302390318205573688e-02,4.824872711258941516e-02,0.000000000000000000e+00,2.280999715368209682e-02,5.446680661222592229e-02,8.703329178259833210e-02,7.407505524467677613e-03,6.899911708307801539e-02
0.000000000000000000e+00,0.000000000000000000e+00,0.000000000000000000e+00,0.000000000000000000e+00,0.000000000000000000e+00,0.000000000000000000e+00,0.000000000000000000e+00,0.000000000000000000e+00,0.000000000000000000e+00,0.000000000000000000e+00,0.000000000000000000e+00,0.000000000000000000e+00,0.000000000000000000e+00,0.000000000000000000e+00,0.000000000000000000e+00,0.000000000000000000e+00,0.000000000000000000e+00,0.000000000000000000e+00,0.000000000000000000e+00,0.000000000000000000e+00,5.117801587972871380e-02,4.899084593650492730e-02,3.296490446269365049e-02,5.262207401345104368e-02,3.835402015599175679e-02,8.372683650772499986e-02,3.055116009710463765e-02,4.279422289440786703e-02,9.710345778492524005e-02,6.088511946738774799e-02,5.573027003908865434e-02,5.386968257508029795e-02,1.412474993321541361e-02,4.478076389476263325e-02,9.131617335168780436e-02,0.000000000000000000e+00,4.030220310671775441e-02,1.218840201346033242e-01,6.470246627487254674e-03,3.235123313743627077e-02
0.000000000000000000e+00,0.000000000000000000e+00,0.000000000000000000e+00,0.000000000000000000e+00,0.000000000000000000e+00,0.000000000000000000e+00,0.000000000000000000e+00,0.000000000000000000e+00,0.000000000000000000e+00,0.000000000000000000e+00,0.000000000000000000e+00,0.000000000000000000e+00,0.000000000000000000e+00,0.000000000000000000e+00,0.000000000000000000e+00,0.000000000000000000e+00,0.000000000000000000e+00,0.000000000000000000e+00,0.000000000000000000e+00,0.000000000000000000e+00,2.662987624040656295e-02,3.249602192649586607e-02,4.736351141726460184e-02,3.873611894859106675e-02,4.775279409323433810e-02,1.286776818085469953e-01,5.913125225876709329e-02,4.143025570535897872e-02,1.023591147585564132e-01,6.088979183469662299e-02,4.158808582244289537e-02,3.255068306172442111e-02,1.333844200102141803e-02,5.485161717547988591e-02,1.082485188172384455e-01,2.000766300153213051e-02,0.000000000000000000e+00,8.976976946203192587e-02,9.550558818646867967e-03,4.462824284796351043e-02
0.000000000000000000e+00,0.000000000000000000e+00,0.000000000000000000e+00,0.000000000000000000e+00,0.000000000000000000e+00,0.000000000000000000e+00,0.000000000000000000e+00,0.000000000000000000e+00,0.000000000000000000e+00,0.000000000000000000e+00,0.000000000000000000e+00,0.000000000000000000e+00,0.000000000000000000e+00,0.000000000000000000e+00,0.000000000000000000e+00,0.000000000000000000e+00,0.000000000000000000e+00,0.000000000000000000e+00,0.000000000000000000e+00,0.000000000000000000e+00,3.831741686519357648e-02,5.179399319113722755e-02,3.881127624149024319e-02,5.808009416283508447e-02,4.436565376896532686e-02,1.017297550754140134e-01,3.730708249386471831e-02,4.334124612479923339e-02,1.074354075477932796e-01,7.250798104025382718e-02,6.786640029037666055e-02,4.372356992165710166e-02,1.411869636966826824e-02,5.506796702196103954e-02,9.700317090153497135e-02,3.393320014518833028e-02,5.034317269490141272e-02,0.000000000000000000e+00,8.136211038966448955e-03,3.611770510399935075e-02
0.000000000000000000e+00,0.000000000000000000e+00,0.000000000000000000e+00,0.000000000000000000e+00,0.000000000000000000e+00,0.000000000000000000e+00,0.000000000000000000e+00,0.000000000000000000e+00,0.000000000000000000e+00,0.000000000000000000e+00,0.000000000000000000e+00,0.000000000000000000e+00,0.000000000000000000e+00,0.000000000000000000e+00,0.000000000000000000e+00,0.000000000000000000e+00,0.000000000000000000e+00,0.000000000000000000e+00,0.000000000000000000e+00,0.000000000000000000e+00,2.147311863643496313e-02,3.093318311020883810e-02,5.467450218635399456e-02,3.802164721751131321e-02,3.099377706271623859e-02,1.885843922420027408e-01,5.275981438604634977e-02,3.042729557246472497e-02,7.086024944540564308e-02,7.021083890089489798e-02,4.069453022619415328e-02,2.597713686628517343e-02,9.911015116837311109e-03,8.341575507732988670e-02,7.793266856143216126e-02,1.700379755897420825e-02,5.055758234826526754e-02,7.680141952150638940e-02,0.000000000000000000e+00,2.876727596313575011e-02
0.000000000000000000e+00,0.000000000000000000e+00,0.000000000000000000e+00,0.000000000000000000e+00,0.000000000000000000e+00,0.000000000000000000e+00,0.000000000000000000e+00,0.000000000000000000e+00,0.000000000000000000e+00,0.000000000000000000e+00,0.000000000000000000e+00,0.000000000000000000e+00,0.000000000000000000e+00,0.000000000000000000e+00,0.000000000000000000e+00,0.000000000000000000e+00,0.000000000000000000e+00,0.000000000000000000e+00,0.000000000000000000e+00,0.000000000000000000e+00,2.781714255358426133e-02,2.896548457646987151e-02,3.596499617268038990e-02,3.400431702369256098e-02,5.977304768856210593e-02,9.011337322420241713e-02,3.617406099913730855e-02,5.658660397664148911e-02,1.273129036684811366e-01,5.000625146445354663e-02,3.586382861313727050e-02,3.510674384010588345e-02,1.772159827443997235e-02,4.172409501740104165e-02,1.654157662385414285e-01,1.937321660103436677e-02,5.383356066983856214e-02,7.768783057565822880e-02,6.555178821938171217e-03,0.000000000000000000e+00
