0.000000000000000000e+00,2.216898813028725379e-02,1.456790744063883869e-01,3.267106442112462095e-02,2.021857798910260337e-02,3.711183535085189888e-02,7.665787747255525808e-02,4.296871924016779781e-02,9.795199238743251824e-03,2.418420689702183851e-02,1.425681307331735093e-01,4.597456142085694364e-02,4.530661461321230932e-02,2.148435962008389891e-02,8.283626730606877264e-02,2.575340505834066915e-02,4.268129983218835188e-02,2.594300323799912655e-02,3.753428029379521358e-02,4.081890428441619506e-02,4.620386240151952428e-02,3.143976805210247499e-02,0.000000000000000000e+00,0.000000000000000000e+00,0.000000000000000000e+00,0.000000000000000000e+00,0.000000000000000000e+00,0.000000000000000000e+00,0.000000000000000000e+00,0.000000000000000000e+00,0.000000000000000000e+00,0.000000000000000000e+00,0.000000000000000000e+00,0.000000000000000000e+00,0.000000000000000000e+00,0.000000000000000000e+00,0.000000000000000000e+00,0.000000000000000000e+00,0.000000000000000000e+00,0.000000000000000000e+00,0.000000000000000000e+00,0.000000000000000000e+00,0.000000000000000000e+00,0.000000000000000000e+00
4.163391616233521469e-02,0.000000000000000000e+00,9.221911389641222756e-02,4.462333021407480227e-02,3.067853952217642136e-02,3.615500555505075930e-02,1.056499281011993169e-01,2.848239065687842991e-02,1.624053708814977154e-02,2.602704966441473852e-02,8.683626510940563314e-02,4.335891580693111702e-02,3.290858246874377863e-02,2.325577458798904970e-02,1.008704165890636772e-01,3.983011111729727743e-02,2.480783017772800886e-02,2.226570900241170090e-02,8.633265854279242868e-02,3.305600507890354978e-02,4.313400449570684025e-02,4.163391616233521469e-02,0.000000000000000000e+00,0.000000000000000000e+00,0.000000000000000000e+00,0.000000000000000000e+00,0.000000000000000000e+00,0.000000000000000000e+00,0.000000000000000000e+00,0.000000000000000000e+00,0.000000000000000000e+00,0.000000000000000000e+00,0.000000000000000000e+00,0.000000000000000000e+00,0.000000000000000000e+00,0.000000000000000000e+00,0.000000000000000000e+00,0.000000000000000000e+00,0.000000000000000000e+00,0.000000000000000000e+00,0.000000000000000000e+00,0.000000000000000000e+00,0.000000000000000000e+00,0.000000000000000000e+00
7.352039318660270883e-02,2.478164891465910527e-02,0.000000000000000000e+00,4.032812752649431870e-02,2.450679772886757077e-02,3.478081894596981444e-02,9.212036527642050721e-02,3.478597127826175972e-02,1.157153845486766711e-02,2.888153809874890315e-02,1.114158503194867950e-01,5.156385930961220748e-02,7.074503132868700805e-02,2.659285884509401954e-02,1.038514307867033915e-01,3.146509491765650535e-02,4.146763007699366677e-02,3.072896740158683263e-02,4.056694237661303409e-02,4.490849581411910513e-02,4.276261436034571595e-02,3.865402505220939811e-02,0.000000000000000000e+00,0.000000000000000000e+00,0.000000000000000000e+00,0.000000000000000000e+00,0.000000000000000000e+00,0.000000000000000000e+00,0.000000000000000000e+00,0.000000000000000000e+00,0.000000000000000000e+00,0.000000000000000000e+00,0.000000000000000000e+00,0.000000000000000000e+00,0.000000000000000000e+00,0.000000000000000000e+00,0.000000000000000000e+00,0.000000000000000000e+00,0.000000000000000000e+00,0.000000000000000000e+00,0.000000000000000000e+00,0.000000000000000000e+00,0.000000000000000000e+00,0.000000000000000000e+00
3.309810719666697598e-02,2.407135068848507281e-02,8.095380837414506425e-02,0.000000000000000000e+00,2.300786244372089728e-02,2.388650137457845948e-02,1.624645722685488236e-01,2.048966744134897086e-02,1.777119604893273239e-02,2.802309211628416230e-02,6.486645622499909170e-02,3.113608014390194592e-02,3.093145965693096244e-02,2.768105244535174619e-02,1.728492275209859985e-01,3.322815919941400631e-02,2.106515221819004954e-02,2.119975519938059952e-02,3.623867543876271163e-02,2.453184333351626778e-02,2.889039649304553370e-02,9.361558417280996247e-02,0.000000000000000000e+00,0.000000000000000000e+00,0.000000000000000000e+00,0.000000000000000000e+00,0.000000000000000000e+00,0.000000000000000000e+00,0.000000000000000000e+00,0.000000000000000000e+00,0.000000000000000000e+00,0.000000000000000000e+00,0.000000000000000000e+00,0.000000000000000000e+00,0.000000000000000000e+00,0.000000000000000000e+00,0.000000000000000000e+00,0.000000000000000000e+00,0.000000000000000000e+00,0.000000000000000000e+00,0.000000000000000000e+00,0.000000000000000000e+00,0.000000000000000000e+00,0.000000000000000000e+00
4.175202323044337194e-02,3.373340700343315651e-02,1.002773472675032307e-01,4.689897119985151491e-02,0.000000000000000000e+00,3.073029170484649006e-02,1.004428882548471930e-01,2.652650408722928912e-02,1.438397307649463136e-02,2.483487743395360048e-02,8.091231385589883751e-02,4.894557123257099046e-02,3.479335269203614328e-02,2.314092629250074501e-02,1.052229793653584877e-01,7.790396645646137375e-02,2.438271985561696678e-02,2.171130614979335793e-02,4.770624168930672621e-02,3.638889337940993257e-02,3.710803619962574351e-02,4.220340957281813049e-02,0.000000000000000000e+00,0.000000000000000000e+00,0.000000000000000000e+00,0.000000000000000000e+00,0.000000000000000000e+00,0.000000000000000000e+00,0.000000000000000000e+00,0.000000000000000000e+00,0.000000000000000000e+00,0.000000000000000000e+00,0.000000000000000000e+00,0.000000000000000000e+00,0.000000000000000000e+00,0.000000000000000000e+00,0.000000000000000000e+00,0.000000000000000000e+00,0.000000000000000000e+00,0.000000000000000000e+00,0.000000000000000000e+00,0.000000000000000000e+00,0.000000000000000000e+00,0.000000000000000000e+00
4.777351798184975573e-02,2.478231259653078042e-02,8.871640742466022078e-02,3.035201025382425200e-02,1.915642905191049933e-02,0.000000000000000000e+00,7.323781574471079081e-02,4.378797759518059107e-02,9.743873726065723287e-03,2.177744605027680594e-02,1.257623154880962713e-01,3.943149860978002047e-02,3.091756373467064237e-02,1.890320634862551960e-02,7.453350505354856825e-02,2.431201724215492979e-02,2.679413591145002674e-02,2.101535905118203165e-02,4.626031684685745493e-02,3.184901198789983484e-02,1.716968981849820164e-01,2.919638111574331119e-02,0.000000000000000000e+00,0.000000000000000000e+00,0.000000000000000000e+00,0.000000000000000000e+00,0.000000000000000000e+00,0.000000000000000000e+00,0.000000000000000000e+00,0.000000000000000000e+00,0.000000000000000000e+00,0.000000000000000000e+00,0.000000000000000000e+00,0.000000000000000000e+00,0.000000000000000000e+00,0.000000000000000000e+00,0.000000000000000000e+00,0.000000000000000000e+00,0.000000000000000000e+00,0.000000000000000000e+00,0.000000000000000000e+00,0.000000000000000000e+00,0.000000000000000000e+00,0.000000000000000000e+00
3.766764590262842993e-02,2.764263901231510390e-02,8.969261637390131547e-02,7.880077454073193544e-02,2.390033363436635042e-02,2.795582297270777020e-02,0.000000000000000000e+00,2.366146761943860310e-02,2.183565071378738495e-02,3.592522799579533216e-02,7.529936824601370093e-02,3.427531115365717307e-02,3.472337345382358470e-02,3.399387484022286382e-02,1.755852656183225224e-01,3.358280924063405254e-02,2.443162843458583644e-02,2.521363763507158268e-02,4.270105723099226064e-02,2.711773101022006693e-02,3.372725209750696701e-02,9.226651227327714588e-02,0.000000000000000000e+00,0.000000000000000000e+00,0.000000000000000000e+00,0.000000000000000000e+00,0.000000000000000000e+00,0.000000000000000000e+00,0.000000000000000000e+00,0.000000000000000000e+00,0.000000000000000000e+00,0.000000000000000000e+00,0.000000000000000000e+00,0.000000000000000000e+00,0.000000000000000000e+00,0.000000000000000000e+00,0.000000000000000000e+00,0.000000000000000000e+00,0.000000000000000000e+00,0.000000000000000000e+00,0.000000000000000000e+00,0.000000000000000000e+00,0.000000000000000000e+00,0.000000000000000000e+00
6.344043296742647720e-02,2.239178810201891690e-02,1.017670571135771279e-01,2.986130372022031271e-02,1.896561061465486600e-02,5.022197943937735387e-02,7.109576292034652800e-02,0.000000000000000000e+00,9.295256027858475947e-03,2.170543489996721448e-02,1.943896948616040954e-01,4.297261087250370259e-02,3.408715464857280109e-02,1.901735862520168366e-02,7.421020933849185874e-02,2.398981070327014381e-02,3.097071244414457275e-02,2.197938101808952563e-02,3.948590659029845712e-02,3.620179061857546621e-02,6.522783713338910216e-02,2.872290734041140978e-02,0.000000000000000000e+00,0.000000000000000000e+00,0.000000000000000000e+00,0.000000000000000000e+00,0.000000000000000000e+00,0.000000000000000000e+00,0.000000000000000000e+00,0.000000000000000000e+00,0.000000000000000000e+00,0.000000000000000000e+00,0.000000000000000000e+00,0.000000000000000000e+00,0.000000000000000000e+00,0.000000000000000000e+00,0.000000000000000000e+00,0.000000000000000000e+00,0.000000000000000000e+00,0.000000000000000000e+00,0.000000000000000000e+00,0.000000000000000000e+00,0.000000000000000000e+00,0.000000000000000000e+00
3.510341101613525389e-02,3.099096075739971728e-02,8.217060798709521774e-02,6.286556581405845778e-02,2.496249486526641928e-02,2.712644622300404082e-02,1.592540532819907151e-01,2.256231571773106501e-02,0.000000000000000000e+00,2.809308412771559238e-02,7.087196785229922524e-02,3.352806012469203983e-02,3.080637203280970488e-02,2.579581471723791167e-02,1.244593973125233954e-01,3.569746230332954129e-02,2.207766114646985897e-02,2.159707409073536449e-02,4.529753959168249938e-02,2.620136330444950909e-02,3.267032141759891595e-02,5.786802631577549205e-02,0.000000000000000000e+00,0.000000000000000000e+00,0.000000000000000000e+00,0.000000000000000000e+00,0.000000000000000000e+00,0.000000000000000000e+00,0.000000000000000000e+00,0.000000000000000000e+00,0.000000000000000000e+00,0.000000000000000000e+00,0.000000000000000000e+00,0.000000000000000000e+00,0.000000000000000000e+00,0.000000000000000000e+00,0.000000000000000000e+00,0.000000000000000000e+00,0.000000000000000000e+00,0.000000000000000000e+00,0.000000000000000000e+00,0.000000000000000000e+00,0.000000000000000000e+00,0.000000000000000000e+00
4.084279437065850560e-02,2.340491922220518106e-02,9.664808845066419352e-02,4.671536844207620220e-02,2.031041050927241687e-02,2.857036272635891938e-02,1.234728413854042223e-01,2.482780701136514875e-02,1.323874975596855789e-02,0.000000000000000000e+00,8.124750510800531067e-02,3.318295223201428445e-02,4.024948986761957975e-02,5.254816842146726313e-02,1.339781443364164160e-01,2.745512319250893035e-02,2.867957241079829162e-02,3.598300904435401681e-02,3.829873643530919830e-02,2.682728349009538479e-02,3.465436141742264664e-02,4.886431217001535598e-02,0.000000000000000000e+00,0.000000000000000000e+00,0.000000000000000000e+00,0.000000000000000000e+00,0.000000000000000000e+00,0.000000000000000000e+00,0.000000000000000000e+00,0.000000000000000000e+00,0.000000000000000000e+00,0.000000000000000000e+00,0.000000000000000000e+00,0.000000000000000000e+00,0.000000000000000000e+00,0.000000000000000000e+00,0.000000000000000000e+00,0.000000000000000000e+00,0.000000000000000000e+00,0.000000000000000000e+00,0.000000000000000000e+00,0.000000000000000000e+00,0.000000000000000000e+00,0.000000000000000000e+00
7.747456321422480086e-02,2.512675611291761979e-02,1.199700977222939446e-01,3.479501107589728914e-02,2.129238861388653425e-02,5.308996209089522633e-02,8.327532275775764714e-02,7.154778441569623060e-02,1.074670005582578636e-02,2.614346313694718149e-02,0.000000000000000000e+00,4.597725585666807835e-02,4.124130893154301369e-02,2.271768218807544704e-02,8.723570944283234874e-02,2.714754052445448457e-02,4.058337224587268283e-02,2.720051138560324391e-02,4.419334511948611044e-02,3.892620318781814248e-02,6.769347930920523171e-02,3.362154261209895217e-02,0.000000000000000000e+00,0.000000000000000000e+00,0.000000000000000000e+00,0.000000000000000000e+00,0.000000000000000000e+00,0.000000000000000000e+00,0.000000000000000000e+00,0.000000000000000000e+00,0.000000000000000000e+00,0.000000000000000000e+00,0.000000000000000000e+00,0.000000000000000000e+00,0.000000000000000000e+00,0.000000000000000000e+00,0.000000000000000000e+00,0.000000000000000000e+00,0.000000000000000000e+00,0.000000000000000000e+00,0.000000000000000000e+00,0.000000000000000000e+00,0.000000000000000000e+00,0.000000000000000000e+00
5.472463917243179654e-02,2.748162020620597418e-02,1.216186221926827266e-01,3.658384716507431106e-02,2.821316412542194951e-02,3.646143895077998132e-02,8.302999827067460148e-02,3.464521997927069025e-02,1.113621721691673665e-02,2.338819657551590922e-02,1.007097870598080563e-01,0.000000000000000000e+00,3.793026873463429399e-02,2.131113003444685614e-02,8.856764173527302553e-02,3.389685485122041070e-02,2.812081309490413461e-02,2.235507825927375916e-02,4.448962199222679381e-02,8.642036216789757141e-02,4.460892931824288893e-02,3.430654889709752048e-02,0.000000000000000000e+00,0.000000000000000000e+00,0.000000000000000000e+00,0.000000000000000000e+00,0.000000000000000000e+00,0.000000000000000000e+00,0.000000000000000000e+00,0.000000000000000000e+00,0.000000000000000000e+00,0.000000000000000000e+00,0.000000000000000000e+00,0.000000000000000000e+00,0.000000000000000000e+00,0.000000000000000000e+00,0.000000000000000000e+00,0.000000000000000000e+00,0.000000000000000000e+00,0.000000000000000000e+00,0.000000000000000000e+00,0.000000000000000000e+00,0.000000000000000000e+00,0.000000000000000000e+00
5.602337022801114758e-02,2.166782913543390324e-02,1.733376541909343316e-01,3.775445103562372756e-02,2.083420728293043298e-02,2.969874471741081046e-02,8.738116718922928072e-02,2.854858850558417843e-02,1.062948271599923472e-02,2.947028944235439291e-02,9.384332321766798712e-02,3.940290368203130944e-02,0.000000000000000000e+00,2.734599795515505263e-02,1.007460159973777719e-01,2.727578988564004214e-02,3.992766800868746691e-02,3.420454355874386759e-02,3.547687338007553953e-02,3.327813614217089988e-02,3.642657573232103291e-02,3.672638799661761405e-02,0.000000000000000000e+00,0.000000000000000000e+00,0.000000000000000000e+00,0.000000000000000000e+00,0.000000000000000000e+00,0.000000000000000000e+00,0.000000000000000000e+00,0.000000000000000000e+00,0.000000000000000000e+00,0.000000000000000000e+00,0.000000000000000000e+00,0.000000000000000000e+00,0.000000000000000000e+00,0.000000000000000000e+00,0.000000000000000000e+00,0.000000000000000000e+00,0.000000000000000000e+00,0.000000000000000000e+00,0.000000000000000000e+00,0.000000000000000000e+00,0.000000000000000000e+00,0.000000000000000000e+00
3.858882398463148872e-02,2.224172910522787677e-02,9.464409241059422440e-02,4.907743472265282958e-02,2.012764440995419568e-02,2.637544615236710535e-02,1.242590738300644870e-01,2.313532459708529665e-02,1.292862485995446321e-02,5.588729824333087126e-02,7.508729663800173260e-02,3.215735332052623713e-02,3.972146776573139138e-02,0.000000000000000000e+00,1.541055972644835570e-01,2.739655062479707387e-02,2.659354631013637407e-02,3.194225155307744285e-02,3.580397638700377055e-02,2.594595409612045211e-02,3.197928606007048591e-02,5.200122766418870113e-02,0.000000000000000000e+00,0.000000000000000000e+00,0.000000000000000000e+00,0.000000000000000000e+00,0.000000000000000000e+00,0.000000000000000000e+00,0.000000000000000000e+00,0.000000000000000000e+00,0.000000000000000000e+00,0.000000000000000000e+00,0.000000000000000000e+00,0.000000000000000000e+00,0.000000000000000000e+00,0.000000000000000000e+00,0.000000000000000000e+00,0.000000000000000000e+00,0.000000000000000000e+00,0.000000000000000000e+00,0.000000000000000000e+00,0.000000000000000000e+00,0.000000000000000000e+00,0.000000000000000000e+00
3.879528169075075611e-02,2.515479664018740666e-02,9.637407561456572125e-02,7.990720819403840380e-02,2.386393543840296949e-02,2.711659427821579149e-02,1.673534881181258094e-01,2.354010068618515514e-02,1.626484906199529568e-02,3.715427136680703873e-02,7.518236879120211713e-02,3.484722166540264038e-02,3.815738908699800591e-02,4.018256645340183980e-02,0.000000000000000000e+00,3.348948204056937522e-02,2.532650373003332220e-02,2.673720590284802551e-02,3.905807117086851354e-02,2.776281693605996831e-02,3.282989899552789248e-02,9.090187413781403158e-02,0.000000000000000000e+00,0.000000000000000000e+00,0.000000000000000000e+00,0.000000000000000000e+00,0.000000000000000000e+00,0.000000000000000000e+00,0.000000000000000000e+00,0.000000000000000000e+00,0.000000000000000000e+00,0.000000000000000000e+00,0.000000000000000000e+00,0.000000000000000000e+00,0.000000000000000000e+00,0.000000000000000000e+00,0.000000000000000000e+00,0.000000000000000000e+00,0.000000000000000000e+00,0.000000000000000000e+00,0.000000000000000000e+00,0.000000000000000000e+00,0.000000000000000000e+00,0.000000000000000000e+00
4.092966958474307526e-02,3.370650363186982607e-02,9.908820900283835109e-02,5.212787106291921074e-02,5.995649443356355218e-02,3.001579043401874855e-02,1.086197787119076857e-01,2.582359321110539938e-02,1.583087350637002455e-02,2.583707694357643275e-02,7.939577442125550499e-02,4.525824112996152532e-02,3.505688283499610453e-02,2.424154726929809989e-02,1.136458606630759149e-01,0.000000000000000000e+00,2.433496398256743479e-02,2.217191948484970032e-02,4.729432061119066139e-02,3.421723732568660720e-02,3.629286081969367028e-02,4.615453093451228617e-02,0.000000000000000000e+00,0.000000000000000000e+00,0.000000000000000000e+00,0.000000000000000000e+00,0.000000000000000000e+00,0.000000000000000000e+00,0.000000000000000000e+00,0.000000000000000000e+00,0.000000000000000000e+00,0.000000000000000000e+00,0.000000000000000000e+00,0.000000000000000000e+00,0.000000000000000000e+00,0.000000000000000000e+00,0.000000000000000000e+00,0.000000000000000000e+00,0.000000000000000000e+00,0.000000000000000000e+00,0.000000000000000000e+00,0.000000000000000000e+00,0.000000000000000000e+00,0.000000000000000000e+00
7.003673639330333656e-02,2.167582574895249650e-02,1.348300921645685102e-01,3.412031176804152660e-02,1.937507954814162575e-02,3.415491655560504158e-02,8.158850760283850589e-02,3.442117805511173134e-02,1.010893215245913662e-02,2.786617351949687710e-02,1.225461618984622497e-01,3.876598517784822506e-02,5.298520145436787232e-02,2.429547467340170686e-02,8.873707620387501216e-02,2.512553922438216097e-02,0.000000000000000000e+00,3.417442807765096180e-02,3.668866014592585961e-02,3.290612926468775706e-02,4.225936061911383240e-02,3.333822975176559816e-02,0.000000000000000000e+00,0.000000000000000000e+00,0.000000000000000000e+00,0.000000000000000000e+00,0.000000000000000000e+00,0.000000000000000000e+00,0.000000000000000000e+00,0.000000000000000000e+00,0.000000000000000000e+00,0.000000000000000000e+00,0.000000000000000000e+00,0.000000000000000000e+00,0.000000000000000000e+00,0.000000000000000000e+00,0.000000000000000000e+00,0.000000000000000000e+00,0.000000000000000000e+00,0.000000000000000000e+00,0.000000000000000000e+00,0.000000000000000000e+00,0.000000000000000000e+00,0.000000000000000000e+00
4.967780833812580205e-02,2.270268974337855475e-02,1.165948845978377196e-01,4.007127392741423322e-02,2.013266240750798131e-02,3.126109610055389371e-02,9.825756464102497478e-02,2.850650050877329839e-02,1.153987357520776941e-02,4.079961429532431155e-02,9.584789200351095939e-02,3.596276379033833820e-02,5.296858335975473259e-02,3.405403461506783386e-02,1.093200469561813187e-01,2.671418261827615548e-02,3.988000183804388948e-02,0.000000000000000000e+00,3.780924861221215960e-02,2.966599552703422585e-02,3.816200861701755237e-02,4.007127392741423322e-02,0.000000000000000000e+00,0.000000000000000000e+00,0.000000000000000000e+00,0.000000000000000000e+00,0.000000000000000000e+00,0.000000000000000000e+00,0.000000000000000000e+00,0.000000000000000000e+00,0.000000000000000000e+00,0.000000000000000000e+00,0.000000000000000000e+00,0.000000000000000000e+00,0.000000000000000000e+00,0.000000000000000000e+00,0.000000000000000000e+00,0.000000000000000000e+00,0.000000000000000000e+00,0.000000000000000000e+00,0.000000000000000000e+00,0.000000000000000000e+00,0.000000000000000000e+00,0.000000000000000000e+00
4.492911714757055058e-02,5.502670580263892969e-02,9.621912863953667461e-02,4.281857729365570742e-02,2.765337086869982391e-02,4.301635468464416051e-02,1.040223667731207113e-01,3.201313281783055992e-02,1.512998022097946857e-02,2.714567464461559859e-02,9.734642048640285150e-02,4.473971322087407637e-02,3.434294313456828784e-02,2.386118038446616990e-02,9.982795985627843094e-02,3.562092582759369269e-02,2.676352913482010418e-02,2.363500295399821594e-02,0.000000000000000000e+00,3.441308374771533118e-02,5.083491679442317390e-02,4.063991556556756368e-02,0.000000000000000000e+00,0.000000000000000000e+00,0.000000000000000000e+00,0.000000000000000000e+00,0.000000000000000000e+00,0.000000000000000000e+00,0.000000000000000000e+00,0.000000000000000000e+00,0.000000000000000000e+00,0.000000000000000000e+00,0.000000000000000000e+00,0.000000000000000000e+00,0.000000000000000000e+00,0.000000000000000000e+00,0.000000000000000000e+00,0.000000000000000000e+00,0.000000000000000000e+00,0.000000000000000000e+00,0.000000000000000000e+00,0.000000000000000000e+00,0.000000000000000000e+00,0.000000000000000000e+00
5.823734219747332685e-02,2.511245538188680917e-02,1.269574133195388588e-01,3.454860469661302780e-02,2.514097606726461986e-02,3.529891672813286613e-02,7.873754392017619230e-02,3.498295785945292058e-02,1.043105050380217259e-02,2.266383002327852780e-02,1.021987463148093939e-01,1.035835937078645186e-01,3.839649474477917906e-02,2.060965487890487405e-02,8.457565010267807659e-02,3.071719579582334742e-02,2.861071690565924336e-02,2.210329160115346095e-02,4.101701045708178867e-02,0.000000000000000000e+00,4.349604862423445129e-02,3.258050616939239807e-02,0.000000000000000000e+00,0.000000000000000000e+00,0.000000000000000000e+00,0.000000000000000000e+00,0.000000000000000000e+00,0.000000000000000000e+00,0.000000000000000000e+00,0.000000000000000000e+00,0.000000000000000000e+00,0.000000000000000000e+00,0.000000000000000000e+00,0.000000000000000000e+00,0.000000000000000000e+00,0.000000000000000000e+00,0.000000000000000000e+00,0.000000000000000000e+00,0.000000000000000000e+00,0.000000000000000000e+00,0.000000000000000000e+00,0.000000000000000000e+00,0.000000000000000000e+00,0.000000000000000000e+00
4.997597959113640742e-02,2.484285019538013881e-02,9.165087906740179702e-02,3.084584427419793592e-02,1.943676963548495590e-02,1.442682263497892248e-01,7.424245144724413159e-02,4.778617646947039971e-02,9.860533115772592352e-03,2.219511174612141813e-02,1.347389595053893052e-01,4.053587215838065638e-02,3.186352079983722357e-02,1.925806585530408233e-02,7.582181768491362550e-02,2.470021064208445527e-02,2.785593192216706537e-02,2.155619389148271184e-02,4.593517326147691232e-02,3.297559459423753808e-02,0.000000000000000000e+00,2.965383779272734097e-02,0.000000000000000000e+00,0.000000000000000000e+00,0.000000000000000000e+00,0.000000000000000000e+00,0.000000000000000000e+00,0.000000000000000000e+00,0.000000000000000000e+00,0.000000000000000000e+00,0.000000000000000000e+00,0.000000000000000000e+00,0.000000000000000000e+00,0.000000000000000000e+00,0.000000000000000000e+00,0.000000000000000000e+00,0.000000000000000000e+00,0.000000000000000000e+00,0.000000000000000000e+00,0.000000000000000000e+00,0.000000000000000000e+00,0.000000000000000000e+00,0.000000000000000000e+00,0.000000000000000000e+00
3.094586743667267215e-02,2.182072611821198743e-02,7.538889950200376722e-02,9.095605276541290918e-02,2.011610751579077927e-02,2.232428513765904662e-02,1.848228840422954655e-01,1.914864268745534656e-02,1.589373445580333222e-02,2.847944483146206893e-02,6.089817559994192137e-02,2.836841343473312307e-02,2.923438259108403908e-02,2.849691152726628249e-02,1.910459238138126903e-01,2.858472964461550650e-02,1.999758720752978225e-02,2.059748993254421207e-02,3.341768280361442217e-02,2.247713482415363700e-02,2.698492412793715781e-02,0.000000000000000000e+00,0.000000000000000000e+00,0.000000000000000000e+00,0.000000000000000000e+00,0.000000000000000000e+00,0.000000000000000000e+00,0.000000000000000000e+00,0.000000000000000000e+00,0.000000000000000000e+00,0.000000000000000000e+00,0.000000000000000000e+00,0.000000000000000000e+00,0.000000000000000000e+00,0.000000000000000000e+00,0.000000000000000000e+00,0.000000000000000000e+00,0.000000000000000000e+00,0.000000000000000000e+00,0.000000000000000000e+00,0.000000000000000000e+00,0.000000000000000000e+00,0.000000000000000000e+00,0.000000000000000000e+00
0.000000000000000000e+00,0.000000000000000000e+00,0.000000000000000000e+00,0.000000000000000000e+00,0.000000000000000000e+00,0.000000000000000000e+00,0.000000000000000000e+00,0.000000000000000000e+00,0.000000000000000000e+00,0.000000000000000000e+00,0.000000000000000000e+00,0.000000000000000000e+00,0.000000000000000000e+00,0.000000000000000000e+00,0.000000000000000000e+00,0.000000000000000000e+00,0.000000000000000000e+00,0.000000000000000000e+00,0.000000000000000000e+00,0.000000000000000000e+00,0.000000000000000000e+00,0.000000000000000000e+00,0.000000000000000000e+00,1.900110399830359093e-02,4.802382962431869795e-02,3.266954137365905841e-02,4.043527089398716440e-02,8.270252034984651446e-02,2.874536394910703549e-02,6.445007421072022902e-02,8.395493665549319182e-03,2.072835384574896189e-02,6.579760825170501148e-02,3.152394390578907440e-02,6.213188917905229647e-02,1.841430691734863637e-02,2.366640162169478950e-02,7.173828395239847944e-02,4.572783228354770912e-02,2.779477911082949698e-02,6.434148091671505754e-02,1.399440048137086112e-01,8.580317290468410241e-02,1.796474423128609568e-02
0.000000000000000000e+00,0.000000000000000000e+00,0.000000000000000000e+00,0.000000000000000000e+00,0.000000000000000000e+00,0.000000000000000000e+00,0.000000000000000000e+00,0.000000000000000000e+00,0.000000000000000000e+00,0.000000000000000000e+00,0.000000000000000000e+00,0.000000000000000000e+00,0.000000000000000000e+00,0.000000000000000000e+00,0.000000000000000000e+00,0.000000000000000000e+00,0.000000000000000000e+00,0.000000000000000000e+00,0.000000000000000000e+00,0.000000000000000000e+00,0.000000000000000000e+00,0.000000000000000000e+00,3.361766815308577655e-02,0.000000000000000000e+00,2.863966406113947413e-02,4.203674598778258525e-02,5.780052573320105386e-02,7.590355258960315710e-02,3.732223006926767978e-02,4.024712013057052395e-02,1.311356309429331443e-02,2.101576789487152874e-02,3.775514530958696408e-02,2.800842730991824972e-02,4.251571437129521985e-02,1.877807770217045438e-02,2.714956541787284794e-02,1.045238027013375565e-01,2.503912312924101366e-02,2.247330077951604707e-02,1.394201138489526148e-01,1.067654366095516921e-01,7.546267633801839736e-02,2.241177876872384872e-02
0.000000000000000000e+00,0.000000000000000000e+00,0.000000000000000000e+00,0.000000000000000000e+00,0.000000000000000000e+00,0.000000000000000000e+00,0.000000000000000000e+00,0.000000000000000000e+00,0.000000000000000000e+00,0.000000000000000000e+00,0.000000000000000000e+00,0.000000000000000000e+00,0.000000000000000000e+00,0.000000000000000000e+00,0.000000000000000000e+00,0.000000000000000000e+00,0.000000000000000000e+00,0.000000000000000000e+00,0.000000000000000000e+00,0.000000000000000000e+00,0.000000000000000000e+00,0.000000000000000000e+00,5.735095129924709656e-02,1.933138655029176603e-02,0.000000000000000000e+00,3.670182435695235751e-02,4.460629545496996862e-02,7.054170570040567412e-02,3.143884002411477530e-02,4.748702777367960065e-02,9.026593977783738815e-03,2.252958142844281239e-02,4.679877357390907489e-02,3.217867865925051057e-02,8.829756578907048403e-02,2.074425457249399682e-02,2.700374726546252158e-02,7.977103230967226566e-02,4.043449596026895548e-02,2.996337880789687325e-02,6.328999712217141249e-02,1.401268325549334393e-01,7.227517562370362747e-02,2.010186119527903117e-02
0.000000000000000000e+00,0.000000000000000000e+00,0.000000000000000000e+00,0.000000000000000000e+00,0.000000000000000000e+00,0.000000000000000000e+00,0.000000000000000000e+00,0.000000000000000000e+00,0.000000000000000000e+00,0.000000000000000000e+00,0.000000000000000000e+00,0.000000000000000000e+00,0.000000000000000000e+00,0.000000000000000000e+00,0.000000000000000000e+00,0.000000000000000000e+00,0.000000000000000000e+00,0.000000000000000000e+00,0.000000000000000000e+00,0.000000000000000000e+00,0.000000000000000000e+00,0.000000000000000000e+00,3.283922612195127461e-02,2.388307354323728968e-02,3.089254531448731161e-02,0.000000000000000000e+00,5.326510818456821339e-02,6.161914213483455499e-02,7.052230274986016900e-02,3.557645855625091863e-02,1.763219636823212463e-02,2.780390592050522788e-02,3.465489728022960736e-02,2.471403625158985137e-02,4.910324046848252993e-02,2.746454155656484486e-02,5.716575506708397592e-02,1.071468479456075124e-01,2.612548554801224360e-02,2.629242325647923248e-02,7.191046001647914687e-02,9.735985754481443766e-02,6.210625755806243459e-02,6.192223861266707430e-02
0.000000000000000000e+00,0.000000000000000000e+00,0.000000000000000000e+00,0.000000000000000000e+00,0.000000000000000000e+00,0.000000000000000000e+00,0.000000000000000000e+00,0.000000000000000000e+00,0.000000000000000000e+00,0.000000000000000000e+00,0.000000000000000000e+00,0.000000000000000000e+00,0.000000000000000000e+00,0.000000000000000000e+00,0.000000000000000000e+00,0.000000000000000000e+00,0.000000000000000000e+00,0.000000000000000000e+00,0.000000000000000000e+00,0.000000000000000000e+00,0.000000000000000000e+00,0.000000000000000000e+00,3.380262762720659397e-02,2.731071951269234757e-02,3.122499837100430747e-02,4.429789009155612328e-02,0.000000000000000000e+00,6.468639769303605180e-02,3.557707059365431551e-02,3.758296181685807230e-02,1.164532992858631315e-02,2.010642955992470240e-02,3.527298748985496085e-02,3.170124540779899885e-02,4.507017016960878503e-02,1.873499902260258518e-02,2.839633399066048350e-02,2.049820664113987945e-01,2.467545091374618790e-02,2.197196507792898573e-02,7.724637986603409556e-02,1.178424533710679400e-01,6.509280837811470821e-02,2.277871470666465240e-02
0.000000000000000000e+00,0.000000000000000000e+00,0.000000000000000000e+00,0.000000000000000000e+00,0.000000000000000000e+00,0.000000000000000000e+00,0.000000000000000000e+00,0.000000000000000000e+00,0.000000000000000000e+00,0.000000000000000000e+00,0.000000000000000000e+00,0.000000000000000000e+00,0.000000000000000000e+00,0.000000000000000000e+00,0.000000000000000000e+00,0.000000000000000000e+00,0.000000000000000000e+00,0.000000000000000000e+00,0.000000000000000000e+00,0.000000000000000000e+00,0.000000000000000000e+00,0.000000000000000000e+00,3.762807322986086445e-02,1.951940557406397353e-02,2.687542593829071388e-02,2.789067384768845539e-02,3.520595244302814064e-02,0.000000000000000000e+00,2.523702732336481278e-02,6.035561687729701363e-02,7.674611575522119998e-03,1.715266887086868905e-02,5.333717010619489635e-02,2.484608845956310513e-02,3.896278612729562468e-02,1.488881838334550622e-02,1.956838784825408808e-02,6.223420029226787303e-02,2.637998390106860783e-02,2.069052852749213994e-02,7.287244747650549470e-02,1.003415286129623052e-01,2.930078856277902322e-01,1.533071895727531817e-02
0.000000000000000000e+00,0.000000000000000000e+00,0.000000000000000000e+00,0.000000000000000000e+00,0.000000000000000000e+00,0.000000000000000000e+00,0.000000000000000000e+00,0.000000000000000000e+00,0.000000000000000000e+00,0.000000000000000000e+00,0.000000000000000000e+00,0.000000000000000000e+00,0.000000000000000000e+00,0.000000000000000000e+00,0.000000000000000000e+00,0.000000000000000000e+00,0.000000000000000000e+00,0.000000000000000000e+00,0.000000000000000000e+00,0.000000000000000000e+00,0.000000000000000000e+00,0.000000000000000000e+00,3.318533745138173285e-02,2.435326874532383126e-02,3.039212759528324773e-02,8.099440790322812167e-02,4.913132853547026724e-02,6.403588097446562266e-02,0.000000000000000000e+00,3.648022315378183361e-02,1.923729025383492247e-02,3.165026073410932145e-02,3.572101406041899158e-02,2.415734224167911948e-02,4.894627579304407922e-02,2.994873135340037421e-02,5.156375939621198057e-02,9.615638830508067836e-02,2.690544546453621857e-02,2.776663676632639202e-02,7.523958345601636233e-02,9.556329129951350587e-02,6.437997738492144684e-02,5.419142913197200206e-02
0.000000000000000000e+00,0.000000000000000000e+00,0.000000000000000000e+00,0.000000000000000000e+00,0.000000000000000000e+00,0.000000000000000000e+00,0.000000000000000000e+00,0.000000000000000000e+00,0.000000000000000000e+00,0.000000000000000000e+00,0.000000000000000000e+00,0.000000000000000000e+00,0.000000000000000000e+00,0.000000000000000000e+00,0.000000000000000000e+00,0.000000000000000000e+00,0.000000000000000000e+00,0.000000000000000000e+00,0.000000000000000000e+00,0.000000000000000000e+00,0.000000000000000000e+00,0.000000000000000000e+00,5.457246344586861447e-02,1.926177014448320068e-02,3.366985826492273348e-02,2.996835983628131500e-02,3.806720890286569015e-02,1.123245259093475779e-01,2.675649344542631661e-02,0.000000000000000000e+00,7.995926195219256113e-03,1.867135826868227336e-02,9.003997092680025849e-02,2.957257542321438046e-02,4.691569496666053024e-02,1.635903255804802697e-02,2.127893178426915749e-02,6.706834696630435688e-02,3.330187062284071381e-02,2.363376381329981499e-02,6.793280225979700382e-02,1.245654105936876421e-01,1.215717029988178932e-01,1.647193267316335655e-02
0.000000000000000000e+00,0.000000000000000000e+00,0.000000000000000000e+00,0.000000000000000000e+00,0.000000000000000000e+00,0.000000000000000000e+00,0.000000000000000000e+00,0.000000000000000000e+00,0.000000000000000000e+00,0.000000000000000000e+00,0.000000000000000000e+00,0.000000000000000000e+00,0.000000000000000000e+00,0.000000000000000000e+00,0.000000000000000000e+00,0.000000000000000000e+00,0.000000000000000000e+00,0.000000000000000000e+00,0.000000000000000000e+00,0.000000000000000000e+00,0.000000000000000000e+00,0.000000000000000000e+00,3.208724773350293824e-02,2.832814836327076161e-02,2.888858703001995556e-02,6.704135239539027458e-02,5.324121061378250808e-02,6.446877197165190587e-02,6.368713321962547746e-02,3.609149474679985981e-02,0.000000000000000000e+00,2.567926374989051852e-02,3.488287948722549464e-02,2.451780360034582287e-02,4.505507186103879097e-02,2.357938084532852641e-02,3.792185620265194762e-02,1.060483346344295447e-01,2.522587414145772977e-02,2.467675670997153403e-02,8.281094813996200954e-02,9.580033517756367245e-02,6.470363166375087127e-02,3.526391771233983174e-02
0.000000000000000000e+00,0.000000000000000000e+00,0.000000000000000000e+00,0.000000000000000000e+00,0.000000000000000000e+00,0.000000000000000000e+00,0.000000000000000000e+00,0.000000000000000000e+00,0.000000000000000000e+00,0.000000000000000000e+00,0.000000000000000000e+00,0.000000000000000000e+00,0.000000000000000000e+00,0.000000000000000000e+00,0.000000000000000000e+00,0.000000000000000000e+00,0.000000000000000000e+00,0.000000000000000000e+00,0.000000000000000000e+00,0.000000000000000000e+00,0.000000000000000000e+00,0.000000000000000000e+00,3.775348716759473894e-02,2.163459506455577344e-02,3.436066379468520615e-02,5.037884336468104185e-02,4.380635426166966384e-02,6.866425723012771487e-02,4.993339833919114429e-02,4.016224988351514702e-02,1.223738426149460767e-02,0.000000000000000000e+00,4.043955294612488344e-02,2.453842212469679873e-02,5.952809537678694501e-02,4.857347869433953358e-02,4.128139149865830276e-02,8.247994868105107402e-02,3.313784859934279514e-02,4.157661379259718765e-02,7.080371834618065519e-02,9.919238079482196879e-02,6.940513873596446115e-02,3.011217704192023503e-02
0.000000000000000000e+00,0.000000000000000000e+00,0.000000000000000000e+00,0.000000000000000000e+00,0.000000000000000000e+00,0.000000000000000000e+00,0.000000000000000000e+00,0.000000000000000000e+00,0.000000000000000000e+00,0.000000000000000000e+00,0.000000000000000000e+00,0.000000000000000000e+00,0.000000000000000000e+00,0.000000000000000000e+00,0.000000000000000000e+00,0.000000000000000000e+00,0.000000000000000000e+00,0.000000000000000000e+00,0.000000000000000000e+00,0.000000000000000000e+00,0.000000000000000000e+00,0.000000000000000000e+00,5.885853289749715112e-02,1.908915571669863101e-02,3.505499914845248283e-02,3.083997838300427813e-02,3.774430783438704334e-02,1.048663276254297311e-01,2.767863561048659535e-02,9.512278009851245220e-02,8.164421618310189338e-03,1.986156257306891798e-02,0.000000000000000000e+00,2.794366268467816244e-02,5.013057886926956808e-02,1.725894782684258069e-02,2.209140506275962187e-02,6.702921717075173424e-02,3.853970986290267825e-02,2.583077154290306168e-02,6.714863174828793191e-02,1.182911714942942727e-01,1.114266912828483364e-01,1.702851094861448575e-02
0.000000000000000000e+00,0.000000000000000000e+00,0.000000000000000000e+00,0.000000000000000000e+00,0.000000000000000000e+00,0.000000000000000000e+00,0.000000000000000000e+00,0.000000000000000000e+00,0.000000000000000000e+00,0.000000000000000000e+00,0.000000000000000000e+00,0.000000000000000000e+00,0.000000000000000000e+00,0.000000000000000000e+00,0.000000000000000000e+00,0.000000000000000000e+00,0.000000000000000000e+00,0.000000000000000000e+00,0.000000000000000000e+00,0.000000000000000000e+00,0.000000000000000000e+00,0.000000000000000000e+00,4.032861613970138703e-02,2.025222512113810866e-02,3.447125887561867941e-02,3.145332602405767619e-02,4.851309625272660908e-02,6.986144511353081787e-02,2.676969968741088959e-02,4.467985806411502170e-02,8.206691468065678563e-03,1.723562943780933970e-02,3.996287994256134124e-02,0.000000000000000000e+00,4.472355475726190466e-02,1.570496207301492683e-02,2.175625994649325878e-02,8.118451070686545645e-02,2.590408758263636202e-02,2.059285779506339967e-02,6.557210480169903266e-02,2.547454795666396210e-01,7.122694452045512381e-02,1.685451212313538588e-02
0.000000000000000000e+00,0.000000000000000000e+00,0.000000000000000000e+00,0.000000000000000000e+00,0.000000000000000000e+00,0.000000000000000000e+00,0.000000000000000000e+00,0.000000000000000000e+00,0.000000000000000000e+00,0.000000000000000000e+00,0.000000000000000000e+00,0.000000000000000000e+00,0.000000000000000000e+00,0.000000000000000000e+00,0.000000000000000000e+00,0.000000000000000000e+00,0.000000000000000000e+00,0.000000000000000000e+00,0.000000000000000000e+00,0.000000000000000000e+00,0.000000000000000000e+00,0.000000000000000000e+00,5.214905708871951651e-02,2.016938384773208498e-02,6.205786007928516118e-02,4.100078562683820427e-02,4.525129318959145858e-02,7.187678947755830883e-02,3.558550454456346074e-02,4.650502888368655829e-02,9.894397618782455051e-03,2.743226264852623858e-02,4.703653218522937940e-02,2.934238715325518734e-02,0.000000000000000000e+00,2.545487718263632002e-02,3.125963158068777864e-02,8.251595421366948735e-02,4.645807254031031341e-02,3.979889748418501821e-02,6.604691890891660477e-02,1.239071062252199290e-01,7.346621718115482758e-02,2.279104233945175931e-02
0.000000000000000000e+00,0.000000000000000000e+00,0.000000000000000000e+00,0.000000000000000000e+00,0.000000000000000000e+00,0.000000000000000000e+00,0.000000000000000000e+00,0.000000000000000000e+00,0.000000000000000000e+00,0.000000000000000000e+00,0.000000000000000000e+00,0.000000000000000000e+00,0.000000000000000000e+00,0.000000000000000000e+00,0.000000000000000000e+00,0.000000000000000000e+00,0.000000000000000000e+00,0.000000000000000000e+00,0.000000000000000000e+00,0.000000000000000000e+00,0.000000000000000000e+00,0.000000000000000000e+00,3.653094410578548723e-02,2.105561348753968998e-02,3.446033664656562162e-02,5.420358313224805935e-02,4.445996222894300215e-02,6.491910374896710245e-02,5.146423511395775002e-02,3.832772119742136607e-02,1.223916210330128033e-02,5.290691857216441724e-02,3.827546797449140475e-02,2.435396273719032598e-02,6.016509730703785419e-02,0.000000000000000000e+00,4.862913125917501383e-02,8.429049418257003601e-02,3.146919410582185717e-02,3.779852835639462699e-02,6.778921589729750008e-02,9.824919248476068900e-02,6.559341143648272920e-02,3.281872392188414644e-02
0.000000000000000000e+00,0.000000000000000000e+00,0.000000000000000000e+00,0.000000000000000000e+00,0.000000000000000000e+00,0.000000000000000000e+00,0.000000000000000000e+00,0.000000000000000000e+00,0.000000000000000000e+00,0.000000000000000000e+00,0.000000000000000000e+00,0.000000000000000000e+00,0.000000000000000000e+00,0.000000000000000000e+00,0.000000000000000000e+00,0.000000000000000000e+00,0.000000000000000000e+00,0.000000000000000000e+00,0.000000000000000000e+00,0.000000000000000000e+00,0.000000000000000000e+00,0.000000000000000000e+00,3.365674615539709924e-02,2.182297867710209990e-02,3.215733834669468744e-02,8.087717343773807854e-02,4.830722256425160066e-02,6.116482095656013834e-02,6.351934977070333721e-02,3.573876842215445437e-02,1.411052767960532459e-02,3.223309189889178583e-02,3.512076040896388446e-02,2.418529352435000446e-02,5.296535052653032066e-02,3.486028145832362896e-02,0.000000000000000000e+00,9.442456858349529414e-02,2.746492839774485398e-02,2.899474216832675921e-02,6.776945697655614720e-02,9.634223972122910040e-02,6.170990333695711844e-02,5.257445698842418136e-02
0.000000000000000000e+00,0.000000000000000000e+00,0.000000000000000000e+00,0.000000000000000000e+00,0.000000000000000000e+00,0.000000000000000000e+00,0.000000000000000000e+00,0.000000000000000000e+00,0.000000000000000000e+00,0.000000000000000000e+00,0.000000000000000000e+00,0.000000000000000000e+00,0.000000000000000000e+00,0.000000000000000000e+00,0.000000000000000000e+00,0.000000000000000000e+00,0.000000000000000000e+00,0.000000000000000000e+00,0.000000000000000000e+00,0.000000000000000000e+00,0.000000000000000000e+00,0.000000000000000000e+00,3.647755167079868438e-02,3.004008437761282457e-02,3.396534836971318305e-02,5.420061578128065188e-02,1.246810526546788395e-01,6.955215250388412096e-02,4.235204775415978007e-02,4.027561336730416802e-02,1.410887290763149921e-02,2.302665325163110593e-02,3.810127592591166373e-02,3.226822686031221438e-02,4.998972209665281802e-02,2.160467704888463514e-02,3.376135043819185333e-02,0.000000000000000000e+00,2.710991546863170121e-02,2.470021584754231170e-02,8.429977770810562210e-02,1.219810523996977120e-01,7.008107382907949323e-02,2.742271973829513848e-02
0.000000000000000000e+00,0.000000000000000000e+00,0.000000000000000000e+00,0.000000000000000000e+00,0.000000000000000000e+00,0.000000000000000000e+00,0.000000000000000000e+00,0.000000000000000000e+00,0.000000000000000000e+00,0.000000000000000000e+00,0.000000000000000000e+00,0.000000000000000000e+00,0.000000000000000000e+00,0.000000000000000000e+00,0.000000000000000000e+00,0.000000000000000000e+00,0.000000000000000000e+00,0.000000000000000000e+00,0.000000000000000000e+00,0.000000000000000000e+00,0.000000000000000000e+00,0.000000000000000000e+00,6.197332089834543117e-02,1.918026130362201695e-02,4.588728385642378699e-02,3.522399808710081903e-02,4.000360662474332363e-02,7.857880954620972969e-02,3.158536609295706926e-02,5.330189469889210635e-02,8.945078375808698801e-03,2.465790673104353153e-02,5.838930016869647854e-02,2.744224774696388952e-02,7.501592019719507953e-02,2.149830682939011042e-02,2.617355587159876304e-02,7.225661634410238121e-02,0.000000000000000000e+00,3.779985524097385224e-02,6.492929926903917570e-02,1.164704247205853860e-01,8.102030845807552117e-02,1.966663893823287698e-02
0.000000000000000000e+00,0.000000000000000000e+00,0.000000000000000000e+00,0.000000000000000000e+00,0.000000000000000000e+00,0.000000000000000000e+00,0.000000000000000000e+00,0.000000000000000000e+00,0.000000000000000000e+00,0.000000000000000000e+00,0.000000000000000000e+00,0.000000000000000000e+00,0.000000000000000000e+00,0.000000000000000000e+00,0.000000000000000000e+00,0.000000000000000000e+00,0.000000000000000000e+00,0.000000000000000000e+00,0.000000000000000000e+00,0.000000000000000000e+00,0.000000000000000000e+00,0.000000000000000000e+00,4.461732786349720953e-02,2.039005716132184787e-02,4.027608772590512282e-02,4.198760166011347023e-02,4.219093263943726052e-02,7.299929715000494368e-02,3.860870032214398090e-02,4.480464946987891550e-02,1.036435261603929452e-02,3.664352008704958863e-02,4.635305715159404594e-02,2.583950422272701664e-02,7.611661558469857980e-02,3.058508574198277527e-02,3.272801639381439642e-02,7.797697451163929094e-02,4.477198111010719656e-02,0.000000000000000000e+00,6.791554209161355937e-02,1.065761548752465759e-01,7.426162638683447836e-02,2.399291523435055640e-02
0.000000000000000000e+00,0.000000000000000000e+00,0.000000000000000000e+00,0.000000000000000000e+00,0.000000000000000000e+00,0.000000000000000000e+00,0.000000000000000000e+00,0.000000000000000000e+00,0.000000000000000000e+00,0.000000000000000000e+00,0.000000000000000000e+00,0.000000000000000000e+00,0.000000000000000000e+00,0.000000000000000000e+00,0.000000000000000000e+00,0.000000000000000000e+00,0.000000000000000000e+00,0.000000000000000000e+00,0.000000000000000000e+00,0.000000000000000000e+00,0.000000000000000000e+00,0.000000000000000000e+00,3.869721276092125822e-02,4.739421286608746370e-02,3.187424247368432495e-02,4.302598517375572779e-02,5.557464073788075110e-02,9.632937727899329450e-02,3.919733933321055408e-02,4.825230069669556032e-02,1.303137254526337899e-02,2.338042708053160793e-02,4.514674822107480473e-02,3.082726412244906483e-02,4.732703464257483755e-02,2.055150941496603975e-02,2.866043260512483176e-02,9.971037841969378202e-02,2.881410894858998928e-02,2.544587997667028742e-02,0.000000000000000000e+00,1.185592335741456060e-01,9.486500182577263518e-02,2.333529730191432477e-02
0.000000000000000000e+00,0.000000000000000000e+00,0.000000000000000000e+00,0.000000000000000000e+00,0.000000000000000000e+00,0.000000000000000000e+00,0.000000000000000000e+00,0.000000000000000000e+00,0.000000000000000000e+00,0.000000000000000000e+00,0.000000000000000000e+00,0.000000000000000000e+00,0.000000000000000000e+00,0.000000000000000000e+00,0.000000000000000000e+00,0.000000000000000000e+00,0.000000000000000000e+00,0.000000000000000000e+00,0.000000000000000000e+00,0.000000000000000000e+00,0.000000000000000000e+00,0.000000000000000000e+00,5.488700827621019462e-02,2.366776185815329392e-02,4.602064805752029142e-02,3.798790249960243975e-02,5.528749748216113535e-02,8.649733727330172206e-02,3.246593640789328244e-02,5.769824298184521999e-02,9.830962982314740348e-03,2.136000337790620179e-02,5.186426990230534606e-02,7.809962955857308042e-02,5.790013473315656911e-02,1.942400280000013135e-02,2.657003354429036956e-02,9.408771894137943348e-02,3.370596502894145086e-02,2.603964018761127652e-02,7.731468873663409347e-02,0.000000000000000000e+00,8.881982641948495127e-02,2.047078895071487853e-02
0.000000000000000000e+00,0.000000000000000000e+00,0.000000000000000000e+00,0.000000000000000000e+00,0.000000000000000000e+00,0.000000000000000000e+00,0.000000000000000000e+00,0.000000000000000000e+00,0.000000000000000000e+00,0.000000000000000000e+00,0.000000000000000000e+00,0.000000000000000000e+00,0.000000000000000000e+00,0.000000000000000000e+00,0.000000000000000000e+00,0.000000000000000000e+00,0.000000000000000000e+00,0.000000000000000000e+00,0.000000000000000000e+00,0.000000000000000000e+00,0.000000000000000000e+00,0.000000000000000000e+00,3.842103595551921158e-02,1.909893609696373604e-02,2.710010926797104883e-02,2.766630793243612593e-02,3.486652199673880709e-02,2.883711408690230460e-01,2.497112542705483620e-02,6.429068992402275917e-02,7.580679768183650261e-03,1.706338111651024142e-02,5.577706168632395878e-02,2.493086021608181130e-02,3.919417250721324991e-02,1.480540945297697045e-02,1.943035305706182492e-02,6.171514773888294586e-02,2.676920419349552993e-02,2.071523428216328483e-02,7.062900849332118258e-02,1.014052363495465681e-01,0.000000000000000000e+00,1.519838366850915883e-02
0.000000000000000000e+00,0.000000000000000000e+00,0.000000000000000000e+00,0.000000000000000000e+00,0.000000000000000000e+00,0.000000000000000000e+00,0.000000000000000000e+00,0.000000000000000000e+00,0.000000000000000000e+00,0.000000000000000000e+00,0.000000000000000000e+00,0.000000000000000000e+00,0.000000000000000000e+00,0.000000000000000000e+00,0.000000000000000000e+00,0.000000000000000000e+00,0.000000000000000000e+00,0.000000000000000000e+00,0.000000000000000000e+00,0.000000000000000000e+00,0.000000000000000000e+00,0.000000000000000000e+00,3.079505870729365435e-02,2.171438700890282805e-02,2.885442546499052130e-02,1.055982619380205489e-01,4.670884292009690186e-02,5.776027927898597092e-02,8.046595606276794876e-02,3.334681955937490727e-02,1.581627939970344301e-02,2.834065573798321552e-02,3.263152310981823345e-02,2.258413234511847181e-02,4.654706312595591894e-02,2.835803731320691093e-02,6.337163275704993382e-02,9.244763926405134835e-02,2.487516601854538809e-02,2.562139003671557932e-02,6.650965631549757284e-02,8.947038733337120409e-02,5.818240630254958162e-02,0.000000000000000000e+00
